-- MySQL dump 10.13  Distrib 8.0.22, for Win64 (x86_64)
--
-- Host: 127.0.0.1    Database: vk
-- ------------------------------------------------------
-- Server version	8.0.22-0ubuntu0.20.04.2

/*!40101 SET @OLD_CHARACTER_SET_CLIENT=@@CHARACTER_SET_CLIENT */;
/*!40101 SET @OLD_CHARACTER_SET_RESULTS=@@CHARACTER_SET_RESULTS */;
/*!40101 SET @OLD_COLLATION_CONNECTION=@@COLLATION_CONNECTION */;
/*!50503 SET NAMES utf8mb4 */;
/*!40103 SET @OLD_TIME_ZONE=@@TIME_ZONE */;
/*!40103 SET TIME_ZONE='+00:00' */;
/*!40014 SET @OLD_UNIQUE_CHECKS=@@UNIQUE_CHECKS, UNIQUE_CHECKS=0 */;
/*!40014 SET @OLD_FOREIGN_KEY_CHECKS=@@FOREIGN_KEY_CHECKS, FOREIGN_KEY_CHECKS=0 */;
/*!40101 SET @OLD_SQL_MODE=@@SQL_MODE, SQL_MODE='NO_AUTO_VALUE_ON_ZERO' */;
/*!40111 SET @OLD_SQL_NOTES=@@SQL_NOTES, SQL_NOTES=0 */;

--
-- Table structure for table `communities`
--

DROP TABLE IF EXISTS `communities`;
/*!40101 SET @saved_cs_client     = @@character_set_client */;
/*!50503 SET character_set_client = utf8mb4 */;
CREATE TABLE `communities` (
  `id` int unsigned NOT NULL AUTO_INCREMENT COMMENT 'Идентификатор сроки',
  `name` varchar(150) CHARACTER SET utf8 COLLATE utf8_unicode_ci NOT NULL COMMENT 'Название группы',
  `created_at` datetime DEFAULT CURRENT_TIMESTAMP COMMENT 'Время создания строки',
  `updated_at` datetime DEFAULT CURRENT_TIMESTAMP ON UPDATE CURRENT_TIMESTAMP COMMENT 'Время обновления строки',
  PRIMARY KEY (`id`),
  UNIQUE KEY `name` (`name`)
) ENGINE=InnoDB AUTO_INCREMENT=1001 DEFAULT CHARSET=utf8 COLLATE=utf8_unicode_ci COMMENT='Группы';
/*!40101 SET character_set_client = @saved_cs_client */;

--
-- Dumping data for table `communities`
--

LOCK TABLES `communities` WRITE;
/*!40000 ALTER TABLE `communities` DISABLE KEYS */;
INSERT INTO `communities` VALUES (1,'Possimus est id praesentium dolores.','1991-10-26 06:40:53','2006-06-26 00:19:43'),(2,'Optio nihil alias rem rerum tenetur voluptatem.','2014-11-30 21:47:08','2019-01-31 17:04:26'),(3,'Qui distinctio qui autem et et qui nostrum.','1976-01-15 15:19:35','2008-06-10 20:41:11'),(4,'Est est et voluptas dolor.','2008-07-23 23:32:34','2012-01-24 09:22:40'),(5,'Voluptatem rerum sed dolores nulla vel qui.','2019-12-07 08:11:33','1981-07-13 18:05:57'),(6,'Adipisci labore incidunt veniam provident et modi aliquam.','1995-01-04 06:17:51','1983-05-17 15:37:44'),(7,'Dolores et numquam et delectus laboriosam.','2018-03-13 11:28:56','1994-01-30 07:21:06'),(8,'Incidunt quasi corrupti tempore perferendis assumenda quis.','1998-02-04 08:23:03','2012-11-14 14:17:43'),(9,'Animi perspiciatis aspernatur aut tenetur a quo.','2017-07-26 06:19:30','1973-02-25 14:47:59'),(10,'Illum odit fugiat sapiente voluptatem mollitia.','1999-09-23 22:51:29','2020-09-09 15:45:23'),(11,'Debitis voluptas culpa recusandae voluptatem non tenetur quisquam.','1995-05-04 11:33:46','1970-06-03 03:04:00'),(12,'Dolorem cum eos porro voluptas.','2004-04-10 02:36:32','1990-03-19 04:04:16'),(13,'A eos maxime nostrum ex voluptatem voluptatum.','2006-10-30 23:28:49','2009-08-14 11:30:24'),(14,'Quis et facere ut quidem iste placeat.','2012-05-08 23:17:14','1999-10-05 14:03:32'),(15,'Optio ipsam vero cumque velit tenetur.','1989-12-07 11:24:10','2000-05-15 17:33:41'),(16,'Ad in consequatur sed ut est molestiae sunt.','2007-07-10 19:42:40','1986-10-24 15:46:21'),(17,'Quo ipsum est magnam impedit omnis beatae.','1986-04-01 11:30:47','2001-09-17 22:15:42'),(18,'Nisi neque mollitia sed voluptatem ullam sunt neque.','2008-02-11 07:19:48','2005-09-27 08:21:42'),(19,'Quis blanditiis sed asperiores aut temporibus esse.','1976-12-14 04:04:22','1998-07-15 23:47:20'),(20,'Sequi aut qui culpa culpa.','1999-09-13 16:32:52','1997-05-20 01:58:11');
/*!40000 ALTER TABLE `communities` ENABLE KEYS */;
UNLOCK TABLES;

--
-- Table structure for table `communities_users`
--

DROP TABLE IF EXISTS `communities_users`;
/*!40101 SET @saved_cs_client     = @@character_set_client */;
/*!50503 SET character_set_client = utf8mb4 */;
CREATE TABLE `communities_users` (
  `community_id` int unsigned NOT NULL COMMENT 'Ссылка на группу',
  `user_id` int unsigned NOT NULL COMMENT 'Ссылка на пользователя',
  `created_at` datetime DEFAULT CURRENT_TIMESTAMP COMMENT 'Время создания строки',
  PRIMARY KEY (`community_id`,`user_id`) COMMENT 'Составной первичный ключ',
  KEY `communities_users_user_id_fk` (`user_id`),
  CONSTRAINT `communities_users_community_id_fk` FOREIGN KEY (`community_id`) REFERENCES `communities` (`id`),
  CONSTRAINT `communities_users_user_id_fk` FOREIGN KEY (`user_id`) REFERENCES `users` (`id`)
) ENGINE=InnoDB DEFAULT CHARSET=utf8 COLLATE=utf8_unicode_ci COMMENT='Участники групп, связь между пользователями и группами';
/*!40101 SET character_set_client = @saved_cs_client */;

--
-- Dumping data for table `communities_users`
--

LOCK TABLES `communities_users` WRITE;
/*!40000 ALTER TABLE `communities_users` DISABLE KEYS */;
INSERT INTO `communities_users` VALUES (1,1,'1998-12-28 00:23:40'),(5,15,'1981-04-15 23:46:44'),(5,32,'1975-04-26 20:53:22'),(6,14,'2019-03-24 19:21:24'),(7,50,'1989-05-16 18:47:48'),(7,68,'2017-05-08 04:32:57'),(10,80,'1994-04-18 00:53:52'),(11,40,'2003-03-29 05:58:33'),(11,41,'1978-03-28 16:03:22'),(11,68,'1979-01-05 03:34:32'),(12,38,'2006-09-14 11:20:13'),(13,34,'1977-08-09 02:03:18'),(14,69,'2000-09-18 16:18:13'),(15,2,'2012-06-04 16:32:00'),(15,7,'2002-07-05 04:42:01'),(15,45,'1991-02-24 19:13:11'),(15,85,'1994-07-30 05:41:51');
/*!40000 ALTER TABLE `communities_users` ENABLE KEYS */;
UNLOCK TABLES;

--
-- Table structure for table `friendship`
--

DROP TABLE IF EXISTS `friendship`;
/*!40101 SET @saved_cs_client     = @@character_set_client */;
/*!50503 SET character_set_client = utf8mb4 */;
CREATE TABLE `friendship` (
  `user_id` int unsigned NOT NULL COMMENT 'Ссылка на инициатора дружеских отношений',
  `friend_id` int unsigned NOT NULL COMMENT 'Ссылка на получателя приглашения дружить',
  `status_id` int unsigned NOT NULL COMMENT 'Ссылка на статус (текущее состояние) отношений',
  `confirmed_at` datetime DEFAULT NULL COMMENT 'Время подтверждения приглашения',
  `created_at` datetime DEFAULT CURRENT_TIMESTAMP COMMENT 'Время создания строки',
  `updated_at` datetime DEFAULT CURRENT_TIMESTAMP ON UPDATE CURRENT_TIMESTAMP COMMENT 'Время обновления строки',
  PRIMARY KEY (`user_id`,`friend_id`) COMMENT 'Составной первичный ключ',
  KEY `friendship_friend_id_fk` (`friend_id`),
  KEY `friendship_status_id_fk` (`status_id`),
  CONSTRAINT `friendship_friend_id_fk` FOREIGN KEY (`friend_id`) REFERENCES `users` (`id`),
  CONSTRAINT `friendship_status_id_fk` FOREIGN KEY (`status_id`) REFERENCES `friendship_statuses` (`id`),
  CONSTRAINT `friendship_user_id_fk` FOREIGN KEY (`user_id`) REFERENCES `users` (`id`)
) ENGINE=InnoDB DEFAULT CHARSET=utf8 COLLATE=utf8_unicode_ci COMMENT='Таблица дружбы';
/*!40101 SET character_set_client = @saved_cs_client */;

--
-- Dumping data for table `friendship`
--

LOCK TABLES `friendship` WRITE;
/*!40000 ALTER TABLE `friendship` DISABLE KEYS */;
INSERT INTO `friendship` VALUES (1,71,3,'2006-03-24 11:34:31','1998-02-16 12:47:26','2020-11-13 20:43:31'),(5,47,1,'1991-07-24 22:24:54','2008-10-21 07:54:55','2020-11-13 20:43:31'),(10,33,3,'1985-12-07 00:41:45','2013-08-06 22:49:45','2020-11-13 20:43:31'),(11,40,3,'2018-04-16 18:14:16','1979-10-10 19:32:35','2020-11-13 19:32:01'),(13,52,1,'2020-05-29 12:23:36','1970-01-10 15:52:42','2020-11-13 20:43:31'),(13,56,2,'1991-11-17 01:34:50','1974-02-14 10:13:05','2020-11-13 20:43:31'),(16,57,1,'2011-03-09 16:25:05','1987-09-05 05:34:58','2020-11-13 20:43:31'),(18,82,3,'2016-04-10 09:26:11','1975-10-25 16:41:01','2020-11-13 20:43:31'),(19,27,3,'1995-07-31 15:45:00','2007-03-07 02:49:52','2020-11-13 20:43:31'),(19,79,2,'1995-12-24 11:27:27','1992-03-01 11:29:22','2020-11-13 20:43:31'),(21,69,3,'1995-12-22 17:20:43','2006-07-20 10:45:48','2020-11-13 20:43:31'),(22,22,1,'2018-09-22 15:43:31','1999-07-26 07:11:15','2020-11-13 20:43:31'),(22,92,3,'2009-05-11 05:24:21','1984-04-05 07:49:57','1997-04-11 07:06:12'),(23,21,2,'1989-05-29 19:44:28','2004-07-31 14:29:43','2020-11-13 20:43:31'),(23,66,2,'1990-11-24 08:37:56','2018-06-30 14:21:17','2020-11-13 20:43:31'),(24,80,2,'2020-08-18 04:21:20','2009-03-13 17:11:14','2020-11-13 20:43:31'),(25,66,2,'1984-12-25 23:44:30','2010-03-17 18:52:17','2020-11-13 20:43:31'),(27,26,1,'2006-08-25 10:56:35','2003-10-16 19:15:49','2020-11-13 20:43:31'),(27,59,1,'1996-12-04 19:41:06','2014-12-22 10:34:51','2020-11-13 20:43:31'),(28,13,1,'1972-09-09 01:23:24','2006-10-21 04:53:30','2020-11-13 20:43:31'),(29,28,1,'1977-08-18 12:28:41','1987-12-23 22:16:59','2020-11-13 20:43:31'),(29,61,3,'2004-10-24 12:36:55','2001-06-27 08:10:26','2020-11-13 19:32:01'),(29,71,2,'1989-08-12 11:27:54','1999-08-20 08:22:09','2020-11-13 19:32:01'),(31,17,2,'2013-09-26 00:25:43','1975-11-24 23:48:58','1990-12-03 15:12:06'),(31,35,2,'2007-08-07 23:44:07','1975-09-24 15:19:32','2020-11-13 20:43:31'),(31,65,2,'1993-12-05 17:04:57','1993-04-18 09:11:27','1996-08-20 00:16:09'),(31,81,2,'2012-11-07 07:18:33','1981-07-21 01:13:40','2020-11-13 20:43:31'),(32,18,3,'2009-10-01 22:10:05','1984-04-04 02:56:24','2020-11-13 20:43:31'),(33,19,2,'1987-06-19 04:15:31','1994-10-13 01:46:56','2020-11-13 20:43:31'),(35,18,3,'1997-05-26 17:33:15','2004-12-16 22:10:41','2020-11-13 20:43:31'),(36,7,3,'2015-02-16 16:40:03','2009-12-12 07:01:54','2020-11-13 20:43:31'),(37,40,3,'2016-03-29 10:45:04','2004-08-26 14:58:59','2020-11-13 19:32:01'),(38,21,3,'2008-09-15 19:56:07','1996-07-29 01:43:07','2020-11-13 20:43:31'),(39,13,1,'1998-10-28 21:12:26','2000-02-05 10:55:12','2020-11-13 20:43:31'),(40,34,3,'1985-12-01 18:52:13','1992-02-09 00:12:58','2020-11-13 20:43:31'),(40,58,2,'2000-11-18 20:26:28','2017-06-24 03:33:35','2020-11-13 20:43:31'),(40,89,1,'2000-06-26 17:44:45','1985-12-19 13:04:28','2020-11-13 20:43:31'),(41,38,3,'1994-05-07 08:42:28','1980-09-08 07:33:54','2020-11-13 20:43:31'),(42,91,3,'1995-01-09 00:23:43','1996-01-30 14:41:05','2020-11-13 20:43:31'),(43,51,1,'2007-04-08 10:01:40','2007-06-29 05:27:07','2020-11-13 20:43:31'),(43,62,2,'1979-11-04 21:55:06','1997-01-03 08:21:43','2020-04-10 13:55:38'),(43,63,3,'2009-06-13 11:42:49','1992-12-29 05:43:16','2020-11-13 20:43:31'),(49,9,2,'1985-09-06 04:43:12','2013-02-27 17:30:35','2020-11-13 20:43:31'),(50,59,2,'2008-09-04 11:07:10','2002-07-30 14:05:31','2020-11-13 20:43:31'),(51,8,3,'1995-08-14 14:09:07','2000-02-13 03:21:39','2020-11-13 20:43:31'),(51,52,1,'1973-04-05 02:05:19','1992-08-11 01:17:10','2020-11-13 20:43:31'),(52,6,2,'1995-08-05 21:18:03','1971-03-25 09:51:25','2020-11-13 20:43:31'),(52,20,3,'1978-07-05 19:37:11','1986-11-10 19:32:11','2020-11-13 20:43:31'),(52,61,3,'2007-02-23 05:28:53','2000-08-01 00:57:40','2002-05-02 15:27:16'),(54,77,3,'2011-01-26 03:25:04','1985-12-02 14:14:33','2006-08-02 23:58:22'),(56,62,3,'2017-01-07 09:46:35','2018-02-28 15:28:15','2020-11-13 19:32:01'),(58,51,1,'2002-12-31 13:26:50','2016-05-21 03:55:59','2020-11-13 19:32:01'),(58,82,1,'2010-03-22 20:12:30','1976-05-09 21:55:22','1999-07-03 12:12:31'),(59,6,1,'2020-04-17 00:00:14','1979-04-27 09:53:59','1999-12-25 18:34:51'),(59,35,3,'2016-01-30 07:18:48','2019-05-29 22:28:25','2020-11-13 20:43:31'),(59,80,2,'1981-08-07 23:02:22','2016-01-19 11:19:53','2020-11-13 20:43:31'),(60,68,3,'2017-04-12 21:51:01','1972-09-09 10:48:00','2020-11-13 20:43:31'),(62,36,3,'1991-11-08 06:11:10','2007-03-21 14:16:03','2020-11-13 20:43:31'),(65,12,2,'1983-06-26 11:36:51','2011-03-19 02:53:34','2020-11-13 20:43:31'),(65,31,2,'2000-01-03 07:53:27','2002-04-27 13:17:30','2004-05-20 09:55:02'),(65,79,1,'1991-04-08 01:07:59','2014-11-30 23:29:14','2020-11-13 20:43:31'),(67,1,3,'2013-02-20 03:22:03','1983-05-30 09:45:36','2020-11-13 20:43:31'),(67,10,2,'1993-03-08 05:34:49','2009-11-30 10:52:00','2020-11-13 20:43:31'),(67,12,2,'1987-06-24 07:49:36','1978-11-02 21:56:16','2020-11-13 20:43:31'),(68,35,3,'1980-10-18 18:19:08','2012-03-06 07:11:20','2020-11-13 20:43:31'),(68,42,2,'1985-07-09 13:20:55','2002-08-03 05:56:13','2020-11-13 20:43:31'),(68,58,1,'1981-11-05 13:41:21','2009-02-27 03:04:26','2019-06-09 02:46:27'),(70,25,3,'2004-01-09 19:42:26','2001-03-01 01:23:31','2020-11-13 20:43:31'),(71,38,1,'1977-05-31 09:59:47','2008-10-31 06:03:24','2020-11-13 20:43:31'),(71,45,2,'2003-06-20 20:57:59','1988-05-16 10:07:44','2020-11-13 20:43:31'),(71,57,3,'1970-01-24 09:51:48','1988-03-09 17:24:51','2020-11-13 20:43:31'),(71,100,1,'1988-02-26 02:38:11','1990-01-24 17:09:12','2020-11-13 20:43:31'),(72,19,1,'1992-09-16 16:18:00','2014-12-25 13:10:59','2020-11-13 20:43:31'),(74,36,1,'1992-07-25 15:49:09','1981-11-22 11:18:51','2020-11-13 20:43:31'),(77,69,2,'1997-07-01 08:33:55','1972-04-28 10:38:07','2020-11-13 20:43:31'),(78,8,1,'2001-12-24 01:15:01','1977-09-15 22:09:27','2020-11-13 20:43:31'),(78,27,1,'2020-03-23 06:55:41','1998-09-05 03:23:57','2020-11-13 20:43:31'),(78,36,3,'2013-09-06 12:25:51','2005-01-23 01:31:00','2020-11-13 20:43:31'),(81,55,2,'1991-07-01 12:10:28','1998-04-28 05:12:45','2020-11-13 20:43:31'),(81,61,3,'2010-09-28 11:57:19','1975-12-06 20:27:17','2020-11-13 20:43:31'),(81,94,2,'1988-04-18 08:53:34','2010-01-28 05:28:09','2020-11-13 20:43:31'),(82,78,3,'2007-08-26 17:24:22','1992-11-08 14:36:44','2020-11-13 20:43:31'),(83,1,2,'1988-01-10 07:48:02','1995-04-14 12:39:03','2020-11-13 20:43:31'),(84,36,3,'2014-09-29 01:15:29','1998-04-01 02:06:48','2020-11-13 20:43:31'),(84,39,3,'1997-02-15 19:18:12','1984-07-16 03:02:26','2020-11-13 20:43:31'),(85,20,3,'2007-04-13 19:14:43','2006-06-27 11:59:55','2006-09-19 19:44:13'),(85,47,3,'2019-10-11 21:44:40','2006-05-25 23:23:05','2020-11-13 20:43:31'),(85,50,3,'1979-10-19 01:50:19','1971-12-13 01:43:58','2020-11-13 20:43:31'),(87,72,2,'2013-06-18 20:26:11','1972-03-27 20:07:03','2020-11-13 20:43:31'),(88,71,1,'1972-08-26 05:59:23','1979-09-26 17:24:00','2020-11-13 20:43:31'),(89,45,2,'1994-05-10 23:18:39','1998-06-03 16:04:28','2020-11-13 20:43:31'),(89,67,1,'2010-01-27 01:49:45','2020-01-09 03:52:23','2020-11-13 20:43:31'),(91,6,3,'2014-04-28 10:05:22','2005-09-18 15:08:09','2020-11-13 20:43:31'),(91,25,1,'1973-12-26 20:15:13','1985-09-15 02:41:51','2020-11-13 20:43:31'),(91,69,1,'1983-08-10 01:20:43','2011-02-19 21:45:25','2020-11-13 20:43:31'),(93,82,1,'2001-08-25 11:54:23','1994-06-29 08:54:26','1995-10-03 08:26:15'),(95,52,1,'2017-03-13 23:55:29','1970-12-14 04:14:12','2020-11-13 20:43:31'),(96,78,1,'2006-12-26 14:58:45','1979-08-09 17:50:13','1992-11-21 21:32:54'),(97,7,3,'2019-04-29 23:09:21','1989-09-13 07:00:34','2020-08-22 08:06:11'),(98,41,3,'2016-06-25 23:29:42','2019-12-04 14:31:54','2020-11-13 20:43:31');
/*!40000 ALTER TABLE `friendship` ENABLE KEYS */;
UNLOCK TABLES;

--
-- Table structure for table `friendship_statuses`
--

DROP TABLE IF EXISTS `friendship_statuses`;
/*!40101 SET @saved_cs_client     = @@character_set_client */;
/*!50503 SET character_set_client = utf8mb4 */;
CREATE TABLE `friendship_statuses` (
  `id` int unsigned NOT NULL AUTO_INCREMENT COMMENT 'Идентификатор строки',
  `name` varchar(150) CHARACTER SET utf8 COLLATE utf8_unicode_ci NOT NULL COMMENT 'Название статуса',
  `created_at` datetime DEFAULT CURRENT_TIMESTAMP COMMENT 'Время создания строки',
  `updated_at` datetime DEFAULT CURRENT_TIMESTAMP ON UPDATE CURRENT_TIMESTAMP COMMENT 'Время обновления строки',
  PRIMARY KEY (`id`),
  UNIQUE KEY `name` (`name`)
) ENGINE=InnoDB AUTO_INCREMENT=4 DEFAULT CHARSET=utf8 COLLATE=utf8_unicode_ci COMMENT='Статусы дружбы';
/*!40101 SET character_set_client = @saved_cs_client */;

--
-- Dumping data for table `friendship_statuses`
--

LOCK TABLES `friendship_statuses` WRITE;
/*!40000 ALTER TABLE `friendship_statuses` DISABLE KEYS */;
INSERT INTO `friendship_statuses` VALUES (1,'Requested','2020-11-13 20:41:35','2020-11-13 20:41:35'),(2,'Confirmed','2020-11-13 20:41:35','2020-11-13 20:41:35'),(3,'Rejected','2020-11-13 20:41:35','2020-11-13 20:41:35');
/*!40000 ALTER TABLE `friendship_statuses` ENABLE KEYS */;
UNLOCK TABLES;

--
-- Table structure for table `likes`
--

DROP TABLE IF EXISTS `likes`;
/*!40101 SET @saved_cs_client     = @@character_set_client */;
/*!50503 SET character_set_client = utf8mb4 */;
CREATE TABLE `likes` (
  `id` int unsigned NOT NULL AUTO_INCREMENT,
  `user_id` int unsigned NOT NULL,
  `target_id` int unsigned NOT NULL,
  `target_type_id` int unsigned NOT NULL,
  `created_at` datetime DEFAULT CURRENT_TIMESTAMP,
  PRIMARY KEY (`id`),
  KEY `likes_user_id_fk` (`user_id`),
  KEY `likes_target_type_id_fk` (`target_type_id`),
  CONSTRAINT `likes_target_type_id_fk` FOREIGN KEY (`target_type_id`) REFERENCES `target_types` (`id`),
  CONSTRAINT `likes_user_id_fk` FOREIGN KEY (`user_id`) REFERENCES `users` (`id`)
) ENGINE=InnoDB AUTO_INCREMENT=101 DEFAULT CHARSET=utf8mb4 COLLATE=utf8mb4_0900_ai_ci;
/*!40101 SET character_set_client = @saved_cs_client */;

--
-- Dumping data for table `likes`
--

LOCK TABLES `likes` WRITE;
/*!40000 ALTER TABLE `likes` DISABLE KEYS */;
INSERT INTO `likes` VALUES (1,19,78,2,'2020-11-26 18:10:27'),(2,18,97,2,'2020-11-26 18:10:27'),(3,60,10,3,'2020-11-26 18:10:27'),(4,9,40,3,'2020-11-26 18:10:27'),(5,50,27,4,'2020-11-26 18:10:27'),(6,36,30,2,'2020-11-26 18:10:27'),(7,14,47,4,'2020-11-26 18:10:27'),(8,16,5,4,'2020-11-26 18:10:27'),(9,68,9,2,'2020-11-26 18:10:27'),(10,74,50,1,'2020-11-26 18:10:27'),(11,76,3,4,'2020-11-26 18:10:27'),(12,24,59,1,'2020-11-26 18:10:27'),(13,41,33,2,'2020-11-26 18:10:27'),(14,5,3,4,'2020-11-26 18:10:27'),(15,87,37,1,'2020-11-26 18:10:27'),(16,5,56,3,'2020-11-26 18:10:27'),(17,54,75,1,'2020-11-26 18:10:27'),(18,40,61,4,'2020-11-26 18:10:27'),(19,33,17,4,'2020-11-26 18:10:27'),(20,66,80,1,'2020-11-26 18:10:27'),(21,68,34,3,'2020-11-26 18:10:27'),(22,29,47,2,'2020-11-26 18:10:27'),(23,96,36,4,'2020-11-26 18:10:27'),(24,44,48,1,'2020-11-26 18:10:27'),(25,89,25,3,'2020-11-26 18:10:27'),(26,8,68,1,'2020-11-26 18:10:27'),(27,81,51,1,'2020-11-26 18:10:27'),(28,11,17,2,'2020-11-26 18:10:27'),(29,1,52,3,'2020-11-26 18:10:27'),(30,29,72,3,'2020-11-26 18:10:27'),(31,44,5,4,'2020-11-26 18:10:27'),(32,37,12,3,'2020-11-26 18:10:27'),(33,16,27,4,'2020-11-26 18:10:27'),(34,55,12,4,'2020-11-26 18:10:27'),(35,28,63,2,'2020-11-26 18:10:27'),(36,67,38,4,'2020-11-26 18:10:27'),(37,40,25,1,'2020-11-26 18:10:27'),(38,52,41,3,'2020-11-26 18:10:27'),(39,32,6,2,'2020-11-26 18:10:27'),(40,49,46,4,'2020-11-26 18:10:27'),(41,65,83,1,'2020-11-26 18:10:27'),(42,49,84,3,'2020-11-26 18:10:27'),(43,11,37,3,'2020-11-26 18:10:27'),(44,50,94,1,'2020-11-26 18:10:27'),(45,13,6,4,'2020-11-26 18:10:27'),(46,33,95,4,'2020-11-26 18:10:27'),(47,93,36,1,'2020-11-26 18:10:27'),(48,3,9,2,'2020-11-26 18:10:27'),(49,43,11,2,'2020-11-26 18:10:27'),(50,6,47,1,'2020-11-26 18:10:27'),(51,27,93,4,'2020-11-26 18:10:27'),(52,44,65,4,'2020-11-26 18:10:27'),(53,73,81,4,'2020-11-26 18:10:27'),(54,97,19,1,'2020-11-26 18:10:27'),(55,60,88,3,'2020-11-26 18:10:27'),(56,43,30,1,'2020-11-26 18:10:27'),(57,11,91,1,'2020-11-26 18:10:27'),(58,52,83,3,'2020-11-26 18:10:27'),(59,45,48,1,'2020-11-26 18:10:27'),(60,85,4,3,'2020-11-26 18:10:27'),(61,24,18,1,'2020-11-26 18:10:27'),(62,25,79,1,'2020-11-26 18:10:27'),(63,54,13,1,'2020-11-26 18:10:27'),(64,80,89,1,'2020-11-26 18:10:27'),(65,48,28,4,'2020-11-26 18:10:27'),(66,10,51,1,'2020-11-26 18:10:27'),(67,64,48,3,'2020-11-26 18:10:27'),(68,8,88,1,'2020-11-26 18:10:27'),(69,3,76,3,'2020-11-26 18:10:27'),(70,13,62,3,'2020-11-26 18:10:27'),(71,52,55,1,'2020-11-26 18:10:27'),(72,35,15,3,'2020-11-26 18:10:27'),(73,1,96,4,'2020-11-26 18:10:27'),(74,99,61,1,'2020-11-26 18:10:27'),(75,60,73,4,'2020-11-26 18:10:27'),(76,8,81,4,'2020-11-26 18:10:27'),(77,69,97,3,'2020-11-26 18:10:27'),(78,86,3,3,'2020-11-26 18:10:27'),(79,73,94,3,'2020-11-26 18:10:27'),(80,71,3,1,'2020-11-26 18:10:27'),(81,98,85,2,'2020-11-26 18:10:27'),(82,89,58,1,'2020-11-26 18:10:27'),(83,34,5,1,'2020-11-26 18:10:27'),(84,100,31,3,'2020-11-26 18:10:27'),(85,74,9,1,'2020-11-26 18:10:27'),(86,86,62,3,'2020-11-26 18:10:27'),(87,76,21,4,'2020-11-26 18:10:27'),(88,21,76,1,'2020-11-26 18:10:27'),(89,40,58,3,'2020-11-26 18:10:27'),(90,73,55,3,'2020-11-26 18:10:27'),(91,17,15,1,'2020-11-26 18:10:27'),(92,75,100,4,'2020-11-26 18:10:27'),(93,78,62,3,'2020-11-26 18:10:27'),(94,87,11,4,'2020-11-26 18:10:27'),(95,37,4,1,'2020-11-26 18:10:27'),(96,17,66,4,'2020-11-26 18:10:27'),(97,90,16,1,'2020-11-26 18:10:27'),(98,100,70,2,'2020-11-26 18:10:27'),(99,38,43,4,'2020-11-26 18:10:27'),(100,59,1,2,'2020-11-26 18:10:27');
/*!40000 ALTER TABLE `likes` ENABLE KEYS */;
UNLOCK TABLES;

--
-- Table structure for table `media`
--

DROP TABLE IF EXISTS `media`;
/*!40101 SET @saved_cs_client     = @@character_set_client */;
/*!50503 SET character_set_client = utf8mb4 */;
CREATE TABLE `media` (
  `id` int unsigned NOT NULL AUTO_INCREMENT COMMENT 'Идентификатор строки',
  `user_id` int unsigned NOT NULL COMMENT 'Ссылка на пользователя, который загрузил файл',
  `filename` varchar(255) CHARACTER SET utf8 COLLATE utf8_unicode_ci NOT NULL COMMENT 'Путь к файлу',
  `size` int NOT NULL COMMENT 'Размер файла',
  `metadata` json DEFAULT NULL,
  `media_type_id` int unsigned NOT NULL COMMENT 'Ссылка на тип контента',
  `created_at` datetime DEFAULT CURRENT_TIMESTAMP COMMENT 'Время создания строки',
  `updated_at` datetime DEFAULT CURRENT_TIMESTAMP ON UPDATE CURRENT_TIMESTAMP COMMENT 'Время обновления строки',
  PRIMARY KEY (`id`),
  KEY `media_user_id_fk` (`user_id`),
  KEY `media_media_type_id_fk` (`media_type_id`),
  CONSTRAINT `media_media_type_id_fk` FOREIGN KEY (`media_type_id`) REFERENCES `media_types` (`id`),
  CONSTRAINT `media_user_id_fk` FOREIGN KEY (`user_id`) REFERENCES `users` (`id`),
  CONSTRAINT `media_chk_1` CHECK (json_valid(`metadata`))
) ENGINE=InnoDB AUTO_INCREMENT=101 DEFAULT CHARSET=utf8 COLLATE=utf8_unicode_ci COMMENT='Медиафайлы';
/*!40101 SET character_set_client = @saved_cs_client */;

--
-- Dumping data for table `media`
--

LOCK TABLES `media` WRITE;
/*!40000 ALTER TABLE `media` DISABLE KEYS */;
INSERT INTO `media` VALUES (1,41,'https://dropbox.net/vk/ovnx.gif',112315632,'{\"owner\": \"Ephraim Gerlach\"}',2,'1970-07-20 18:13:33','2020-11-13 20:24:38'),(2,28,'https://dropbox.net/vk/begv.mp3',29881777,'{\"owner\": \"Fritz Brakus\"}',1,'1988-10-27 16:07:07','2020-11-13 20:24:38'),(3,9,'https://dropbox.net/vk/adua.mp3',858806613,'{\"owner\": \"Blaze Streich\"}',1,'2009-03-25 14:43:55','2020-11-13 20:24:38'),(4,24,'https://dropbox.net/vk/upei.gif',32916,'{\"owner\": \"Melba Altenwerth\"}',1,'1980-10-26 10:10:11','2020-11-13 20:24:38'),(5,40,'https://dropbox.net/vk/kcqb.gif',957076197,'{\"owner\": \"Nelle Mills\"}',3,'2016-02-02 01:18:32','2020-11-13 20:24:38'),(6,77,'https://dropbox.net/vk/bvcr.gif',2761482,'{\"owner\": \"Emily Zieme\"}',1,'2009-11-01 18:11:16','2020-11-13 20:24:38'),(7,55,'https://dropbox.net/vk/kacu.jpeg',101780,'{\"owner\": \"Tremayne Farrell\"}',2,'1996-07-10 03:11:33','2020-11-13 20:24:38'),(8,64,'https://dropbox.net/vk/ikqp.mp3',84882,'{\"owner\": \"Kamryn Schoen\"}',3,'2017-07-15 21:32:22','2020-11-13 20:24:38'),(9,31,'https://dropbox.net/vk/anbr.avi',389881,'{\"owner\": \"Althea Koepp\"}',2,'2005-08-17 04:28:25','2020-11-13 20:24:38'),(10,69,'https://dropbox.net/vk/zsyn.avi',3756,'{\"owner\": \"Estrella Marks\"}',3,'1988-08-24 07:47:38','2020-11-13 20:24:38'),(11,21,'https://dropbox.net/vk/ohts.jpeg',857591,'{\"owner\": \"Emerald Langworth\"}',3,'2004-03-06 21:44:32','2020-11-13 20:24:38'),(12,59,'https://dropbox.net/vk/ktrm.jpeg',96143158,'{\"owner\": \"Stephon Turner\"}',2,'1974-07-26 16:57:30','2020-11-13 20:24:38'),(13,45,'https://dropbox.net/vk/tvcp.jpeg',37196054,'{\"owner\": \"Emerald Hyatt\"}',3,'1992-08-30 23:18:25','2020-11-13 20:24:38'),(14,48,'https://dropbox.net/vk/mpxt.avi',208951180,'{\"owner\": \"Lucas Collins\"}',1,'1987-03-20 20:27:47','2020-11-13 20:24:38'),(15,75,'https://dropbox.net/vk/lbpj.gif',321556,'{\"owner\": \"Eve Ruecker\"}',1,'1990-09-15 08:42:26','2020-11-13 20:24:38'),(16,61,'https://dropbox.net/vk/vlla.jpeg',2265,'{\"owner\": \"Efrain Torphy\"}',1,'1993-11-07 01:23:00','2020-11-13 20:24:38'),(17,33,'https://dropbox.net/vk/neab.gif',1979722,'{\"owner\": \"Rene Heathcote\"}',4,'1989-09-14 00:40:23','2020-11-13 20:24:38'),(18,32,'https://dropbox.net/vk/oiaa.jpeg',54875,'{\"owner\": \"Abigail Schinner\"}',2,'2002-02-09 10:20:32','2020-11-13 20:24:38'),(19,99,'https://dropbox.net/vk/jmbe.mp3',22867246,'{\"owner\": \"Mathew Renner\"}',3,'2011-05-30 08:26:10','2020-11-13 20:24:38'),(20,45,'https://dropbox.net/vk/tcit.avi',173517339,'{\"owner\": \"Emerald Hyatt\"}',2,'1974-04-02 10:54:27','2020-11-13 20:24:38'),(21,18,'https://dropbox.net/vk/vvca.gif',240723186,'{\"owner\": \"Kiarra Emmerich\"}',1,'1991-06-03 07:59:52','2020-11-13 20:24:38'),(22,56,'https://dropbox.net/vk/nsgo.gif',683053946,'{\"owner\": \"Quincy Rau\"}',3,'1979-04-12 07:00:20','2020-11-13 20:24:38'),(23,69,'https://dropbox.net/vk/ywmv.avi',601819,'{\"owner\": \"Estrella Marks\"}',1,'1984-11-20 13:58:56','2020-11-13 20:24:38'),(24,31,'https://dropbox.net/vk/pwrn.avi',693090201,'{\"owner\": \"Althea Koepp\"}',4,'1998-06-04 01:10:40','2020-11-13 20:24:38'),(25,46,'https://dropbox.net/vk/smbk.jpeg',382874,'{\"owner\": \"Dayana Gislason\"}',4,'2007-11-01 18:26:31','2020-11-13 20:24:38'),(26,73,'https://dropbox.net/vk/mmyj.avi',5448,'{\"owner\": \"Jaeden Bergstrom\"}',3,'1991-02-20 14:48:47','2020-11-13 20:24:38'),(27,51,'https://dropbox.net/vk/kzlf.gif',885418105,'{\"owner\": \"Marietta Batz\"}',2,'1985-11-10 18:55:45','2020-11-13 20:24:38'),(28,97,'https://dropbox.net/vk/cmsx.jpeg',67019,'{\"owner\": \"Carlo O\'Keefe\"}',4,'1975-08-26 20:52:43','2020-11-13 20:24:38'),(29,1,'https://dropbox.net/vk/pbsv.mp3',2243,'{\"owner\": \"Trudie Koch\"}',2,'2013-12-26 23:35:26','2020-11-13 20:24:38'),(30,19,'https://dropbox.net/vk/hfkh.jpeg',7833,'{\"owner\": \"Claudia McCullough\"}',3,'2005-02-26 09:03:45','2020-11-13 20:24:38'),(31,46,'https://dropbox.net/vk/eroo.mp3',416279199,'{\"owner\": \"Dayana Gislason\"}',4,'1997-06-06 00:32:10','2020-11-13 20:24:38'),(32,89,'https://dropbox.net/vk/chhv.avi',2115423,'{\"owner\": \"Eric Wolf\"}',4,'2010-09-12 05:25:35','2020-11-13 20:24:38'),(33,67,'https://dropbox.net/vk/qgtt.jpeg',272534,'{\"owner\": \"Shany Cruickshank\"}',1,'2005-04-22 13:40:55','2020-11-13 20:24:38'),(34,20,'https://dropbox.net/vk/dqay.jpeg',761729548,'{\"owner\": \"Jayce Bernier\"}',3,'1971-04-21 05:06:14','2020-11-13 20:24:38'),(35,75,'https://dropbox.net/vk/acpa.gif',802291505,'{\"owner\": \"Eve Ruecker\"}',3,'2000-09-06 12:21:47','2020-11-13 20:24:38'),(36,4,'https://dropbox.net/vk/hgrn.gif',726258910,'{\"owner\": \"Amparo Spinka\"}',4,'1970-01-01 11:49:55','2020-11-13 20:24:38'),(37,86,'https://dropbox.net/vk/gkvv.avi',307467009,'{\"owner\": \"Edwin Connelly\"}',3,'1974-01-19 05:14:26','2020-11-13 20:24:38'),(38,64,'https://dropbox.net/vk/ygoz.avi',927097486,'{\"owner\": \"Kamryn Schoen\"}',3,'2019-08-14 13:24:09','2020-11-13 20:24:38'),(39,79,'https://dropbox.net/vk/rwwy.jpeg',85454638,'{\"owner\": \"Maeve Price\"}',4,'1984-05-02 16:00:35','2020-11-13 20:24:38'),(40,54,'https://dropbox.net/vk/xzxk.avi',224410066,'{\"owner\": \"Isaias Schuster\"}',1,'1997-05-12 19:40:56','2020-11-13 20:24:38'),(41,93,'https://dropbox.net/vk/khwr.jpeg',943263634,'{\"owner\": \"Linnie Daniel\"}',2,'1976-09-23 00:32:33','2020-11-13 20:24:38'),(42,90,'https://dropbox.net/vk/vfef.jpeg',963784,'{\"owner\": \"Gillian Schroeder\"}',2,'1974-02-09 02:03:48','2020-11-13 20:24:38'),(43,57,'https://dropbox.net/vk/hxmu.jpeg',43078002,'{\"owner\": \"Charlotte Pouros\"}',4,'1981-08-06 09:35:55','2020-11-13 20:24:38'),(44,39,'https://dropbox.net/vk/ejbr.avi',385589137,'{\"owner\": \"Darron Bernhard\"}',3,'1987-11-05 00:52:08','2020-11-13 20:24:38'),(45,29,'https://dropbox.net/vk/mhgb.gif',756793819,'{\"owner\": \"Jayne McDermott\"}',3,'2000-03-01 11:05:52','2020-11-13 20:24:38'),(46,32,'https://dropbox.net/vk/javl.avi',13367590,'{\"owner\": \"Abigail Schinner\"}',3,'1979-05-06 17:28:19','2020-11-13 20:24:38'),(47,36,'https://dropbox.net/vk/pzle.jpeg',2336194,'{\"owner\": \"Roel Rosenbaum\"}',1,'2005-08-16 09:24:25','2020-11-13 20:24:38'),(48,54,'https://dropbox.net/vk/fijz.mp3',798701712,'{\"owner\": \"Isaias Schuster\"}',1,'2014-05-07 05:43:21','2020-11-13 20:24:38'),(49,41,'https://dropbox.net/vk/mmcg.mp3',836731178,'{\"owner\": \"Ephraim Gerlach\"}',3,'1995-05-26 08:07:40','2020-11-13 20:24:38'),(50,68,'https://dropbox.net/vk/ffbh.gif',787540788,'{\"owner\": \"Elinor Zboncak\"}',1,'2003-06-09 01:15:18','2020-11-13 20:24:38'),(51,37,'https://dropbox.net/vk/aled.jpeg',5700,'{\"owner\": \"Everardo Parisian\"}',3,'2006-05-10 18:19:20','2020-11-13 20:24:38'),(52,8,'https://dropbox.net/vk/yxkn.mp3',74293186,'{\"owner\": \"Rey Larson\"}',1,'1973-08-28 08:19:19','2020-11-13 20:24:38'),(53,30,'https://dropbox.net/vk/kxfv.mp3',8118,'{\"owner\": \"Ashton Wunsch\"}',3,'2004-01-18 02:25:30','2020-11-13 20:24:38'),(54,77,'https://dropbox.net/vk/ooqy.jpeg',3810561,'{\"owner\": \"Emily Zieme\"}',1,'1975-06-04 12:22:08','2020-11-13 20:24:38'),(55,66,'https://dropbox.net/vk/pqcn.mp3',427500438,'{\"owner\": \"Jett Rutherford\"}',2,'2009-05-06 05:48:17','2020-11-13 20:24:38'),(56,33,'https://dropbox.net/vk/uvdb.avi',21703340,'{\"owner\": \"Rene Heathcote\"}',3,'1972-04-23 08:57:46','2020-11-13 20:24:38'),(57,56,'https://dropbox.net/vk/iwvf.gif',774869857,'{\"owner\": \"Quincy Rau\"}',1,'2002-01-02 09:37:05','2020-11-13 20:24:38'),(58,2,'https://dropbox.net/vk/uujg.gif',130455082,'{\"owner\": \"Nedra Watsica\"}',1,'1983-05-06 01:24:45','2020-11-13 20:24:38'),(59,7,'https://dropbox.net/vk/ncpu.jpeg',591838002,'{\"owner\": \"Cole Tromp\"}',2,'1995-06-18 16:28:13','2020-11-13 20:24:38'),(60,70,'https://dropbox.net/vk/yovu.mp3',4112,'{\"owner\": \"Tiara Flatley\"}',2,'1985-12-22 17:40:03','2020-11-13 20:24:38'),(61,97,'https://dropbox.net/vk/qlpx.gif',274425,'{\"owner\": \"Carlo O\'Keefe\"}',1,'2002-02-19 14:15:47','2020-11-13 20:24:38'),(62,11,'https://dropbox.net/vk/hxko.avi',40696062,'{\"owner\": \"Hester Cormier\"}',2,'1974-03-17 16:57:39','2020-11-13 20:24:38'),(63,22,'https://dropbox.net/vk/sxpz.avi',634570469,'{\"owner\": \"Abraham Deckow\"}',3,'1995-04-24 00:00:44','2020-11-13 20:24:38'),(64,34,'https://dropbox.net/vk/syrk.gif',366617,'{\"owner\": \"Zion Gulgowski\"}',3,'1986-10-26 16:56:38','2020-11-13 20:24:38'),(65,37,'https://dropbox.net/vk/trwn.mp3',9828799,'{\"owner\": \"Everardo Parisian\"}',1,'2015-06-23 00:35:03','2020-11-13 20:24:38'),(66,78,'https://dropbox.net/vk/eqgz.jpeg',397328370,'{\"owner\": \"Emilie Feeney\"}',3,'1986-05-09 13:51:19','2020-11-13 20:24:38'),(67,73,'https://dropbox.net/vk/vunm.jpeg',82920473,'{\"owner\": \"Jaeden Bergstrom\"}',4,'1996-12-19 05:18:30','2020-11-13 20:24:38'),(68,95,'https://dropbox.net/vk/tpqn.mp3',222607288,'{\"owner\": \"Elwyn Schaden\"}',1,'2012-10-10 21:32:25','2020-11-13 20:24:38'),(69,57,'https://dropbox.net/vk/bpvf.jpeg',9274,'{\"owner\": \"Charlotte Pouros\"}',3,'2005-04-06 06:46:36','2020-11-13 20:24:38'),(70,11,'https://dropbox.net/vk/fmcp.jpeg',67666,'{\"owner\": \"Hester Cormier\"}',1,'2004-01-15 22:28:14','2020-11-13 20:24:38'),(71,1,'https://dropbox.net/vk/ixsg.mp3',73501740,'{\"owner\": \"Trudie Koch\"}',2,'1997-03-28 14:33:54','2020-11-13 20:24:38'),(72,80,'https://dropbox.net/vk/qpjd.jpeg',43492,'{\"owner\": \"Ally VonRueden\"}',3,'1987-05-17 15:42:23','2020-11-13 20:24:38'),(73,64,'https://dropbox.net/vk/rrwp.mp3',609742,'{\"owner\": \"Kamryn Schoen\"}',4,'1999-06-05 00:29:45','2020-11-13 20:24:38'),(74,68,'https://dropbox.net/vk/mwfy.jpeg',1526,'{\"owner\": \"Elinor Zboncak\"}',3,'1981-11-22 22:53:25','2020-11-13 20:24:38'),(75,22,'https://dropbox.net/vk/vtxp.avi',4982677,'{\"owner\": \"Abraham Deckow\"}',2,'2008-03-17 15:35:41','2020-11-13 20:24:38'),(76,6,'https://dropbox.net/vk/qgsi.gif',864265051,'{\"owner\": \"Alfred Wiegand\"}',1,'2016-02-09 19:20:25','2020-11-13 20:24:38'),(77,38,'https://dropbox.net/vk/slji.mp3',932881,'{\"owner\": \"Pearl Hilpert\"}',1,'2007-08-25 00:18:09','2020-11-13 20:24:38'),(78,51,'https://dropbox.net/vk/rpad.jpeg',393297,'{\"owner\": \"Marietta Batz\"}',3,'1977-12-13 05:42:32','2020-11-13 20:24:38'),(79,80,'https://dropbox.net/vk/bweu.gif',66768056,'{\"owner\": \"Ally VonRueden\"}',4,'1993-12-19 00:34:11','2020-11-13 20:24:38'),(80,21,'https://dropbox.net/vk/inpk.avi',653493421,'{\"owner\": \"Emerald Langworth\"}',1,'2016-02-08 19:01:41','2020-11-13 20:24:38'),(81,86,'https://dropbox.net/vk/wlio.avi',603570,'{\"owner\": \"Edwin Connelly\"}',4,'1977-07-18 17:31:19','2020-11-13 20:24:38'),(82,89,'https://dropbox.net/vk/dnlh.gif',674661983,'{\"owner\": \"Eric Wolf\"}',3,'1993-11-20 15:13:03','2020-11-13 20:24:38'),(83,83,'https://dropbox.net/vk/qjyv.gif',9582,'{\"owner\": \"Rosetta Purdy\"}',4,'1980-03-05 10:11:00','2020-11-13 20:24:38'),(84,61,'https://dropbox.net/vk/zqdk.avi',339077353,'{\"owner\": \"Efrain Torphy\"}',2,'1980-12-16 13:42:17','2020-11-13 20:24:38'),(85,54,'https://dropbox.net/vk/ekhp.avi',654490400,'{\"owner\": \"Isaias Schuster\"}',3,'1984-05-07 05:14:43','2020-11-13 20:24:38'),(86,61,'https://dropbox.net/vk/ibcj.gif',412819686,'{\"owner\": \"Efrain Torphy\"}',3,'2013-05-03 08:12:03','2020-11-13 20:24:38'),(87,13,'https://dropbox.net/vk/liiu.gif',8430,'{\"owner\": \"Rickey Weissnat\"}',2,'1975-07-17 15:48:08','2020-11-13 20:24:38'),(88,10,'https://dropbox.net/vk/lzhm.avi',706354,'{\"owner\": \"Pearlie Lakin\"}',4,'1992-04-03 07:49:58','2020-11-13 20:24:38'),(89,23,'https://dropbox.net/vk/ymrr.mp3',40102510,'{\"owner\": \"Piper Daniel\"}',4,'1999-05-18 19:06:12','2020-11-13 20:24:38'),(90,47,'https://dropbox.net/vk/oioc.gif',64525142,'{\"owner\": \"Hazel Smith\"}',2,'1989-11-22 05:13:51','2020-11-13 20:24:38'),(91,13,'https://dropbox.net/vk/hbps.jpeg',962043523,'{\"owner\": \"Rickey Weissnat\"}',3,'1976-07-28 07:55:35','2020-11-13 20:24:38'),(92,63,'https://dropbox.net/vk/lftz.mp3',1474,'{\"owner\": \"Daphne Bashirian\"}',3,'1984-06-05 03:13:19','2020-11-13 20:24:38'),(93,69,'https://dropbox.net/vk/jdyl.jpeg',83624709,'{\"owner\": \"Estrella Marks\"}',1,'1983-03-30 21:46:53','2020-11-13 20:24:38'),(94,9,'https://dropbox.net/vk/hdmn.mp3',5412227,'{\"owner\": \"Blaze Streich\"}',2,'1983-04-18 08:23:17','2020-11-13 20:24:38'),(95,98,'https://dropbox.net/vk/ksxb.mp3',46247,'{\"owner\": \"Jaycee Harris\"}',2,'2003-11-01 02:07:06','2020-11-13 20:24:38'),(96,64,'https://dropbox.net/vk/rcxj.gif',56502,'{\"owner\": \"Kamryn Schoen\"}',4,'1995-03-16 02:54:06','2020-11-13 20:24:38'),(97,28,'https://dropbox.net/vk/ccfa.mp3',9034,'{\"owner\": \"Fritz Brakus\"}',3,'1996-06-30 02:15:53','2020-11-13 20:24:38'),(98,42,'https://dropbox.net/vk/hcjo.avi',689900116,'{\"owner\": \"Austin Shanahan\"}',1,'1982-01-14 11:09:25','2020-11-13 20:24:38'),(99,35,'https://dropbox.net/vk/ctxo.avi',563360041,'{\"owner\": \"Edythe Koelpin\"}',1,'1998-07-05 04:17:57','2020-11-13 20:24:38'),(100,49,'https://dropbox.net/vk/kvta.jpeg',49660,'{\"owner\": \"Kobe Ondricka\"}',4,'1986-07-04 00:07:50','2020-11-13 20:24:38');
/*!40000 ALTER TABLE `media` ENABLE KEYS */;
UNLOCK TABLES;

--
-- Table structure for table `media_types`
--

DROP TABLE IF EXISTS `media_types`;
/*!40101 SET @saved_cs_client     = @@character_set_client */;
/*!50503 SET character_set_client = utf8mb4 */;
CREATE TABLE `media_types` (
  `id` int unsigned NOT NULL AUTO_INCREMENT COMMENT 'Идентификатор строки',
  `name` varchar(255) CHARACTER SET utf8 COLLATE utf8_unicode_ci NOT NULL COMMENT 'Название типа',
  `created_at` datetime DEFAULT CURRENT_TIMESTAMP COMMENT 'Время создания строки',
  `updated_at` datetime DEFAULT CURRENT_TIMESTAMP ON UPDATE CURRENT_TIMESTAMP COMMENT 'Время обновления строки',
  PRIMARY KEY (`id`),
  UNIQUE KEY `name` (`name`)
) ENGINE=InnoDB AUTO_INCREMENT=5 DEFAULT CHARSET=utf8 COLLATE=utf8_unicode_ci COMMENT='Типы медиафайлов';
/*!40101 SET character_set_client = @saved_cs_client */;

--
-- Dumping data for table `media_types`
--

LOCK TABLES `media_types` WRITE;
/*!40000 ALTER TABLE `media_types` DISABLE KEYS */;
INSERT INTO `media_types` VALUES (1,'photo','2013-05-20 00:00:00','2015-04-24 00:00:00'),(2,'music','2013-02-20 00:00:00','2015-08-19 00:00:00'),(3,'video','2013-11-20 00:00:00','2015-08-04 00:00:00'),(4,'clip','2013-11-17 00:00:00','2015-08-22 00:00:00');
/*!40000 ALTER TABLE `media_types` ENABLE KEYS */;
UNLOCK TABLES;

--
-- Table structure for table `messages`
--

DROP TABLE IF EXISTS `messages`;
/*!40101 SET @saved_cs_client     = @@character_set_client */;
/*!50503 SET character_set_client = utf8mb4 */;
CREATE TABLE `messages` (
  `id` int unsigned NOT NULL AUTO_INCREMENT COMMENT 'Идентификатор строки',
  `from_user_id` int unsigned NOT NULL COMMENT 'Ссылка на отправителя сообщения',
  `to_user_id` int unsigned NOT NULL COMMENT 'Ссылка на получателя сообщения',
  `body` text CHARACTER SET utf8 COLLATE utf8_unicode_ci NOT NULL COMMENT 'Текст сообщения',
  `media_id` int unsigned DEFAULT NULL,
  `is_important` tinyint(1) DEFAULT NULL COMMENT 'Признак важности',
  `is_delivered` tinyint(1) DEFAULT NULL COMMENT 'Признак доставки',
  `created_at` datetime DEFAULT CURRENT_TIMESTAMP COMMENT 'Время создания строки',
  PRIMARY KEY (`id`),
  KEY `messages_from_user_id_fk` (`from_user_id`),
  KEY `messages_to_user_id_fk` (`to_user_id`),
  KEY `messages_media_id_fk` (`media_id`),
  CONSTRAINT `messages_from_user_id_fk` FOREIGN KEY (`from_user_id`) REFERENCES `users` (`id`),
  CONSTRAINT `messages_media_id_fk` FOREIGN KEY (`media_id`) REFERENCES `media` (`id`),
  CONSTRAINT `messages_to_user_id_fk` FOREIGN KEY (`to_user_id`) REFERENCES `users` (`id`)
) ENGINE=InnoDB AUTO_INCREMENT=101 DEFAULT CHARSET=utf8 COLLATE=utf8_unicode_ci COMMENT='Сообщения';
/*!40101 SET character_set_client = @saved_cs_client */;

--
-- Dumping data for table `messages`
--

LOCK TABLES `messages` WRITE;
/*!40000 ALTER TABLE `messages` DISABLE KEYS */;
INSERT INTO `messages` VALUES (1,49,40,'Placeat qui optio earum. Dolorum minus odio sit tenetur. Quas consequatur vel et rerum vel necessitatibus sequi.',NULL,1,0,'1995-01-22 09:12:12'),(2,89,35,'Et vitae assumenda sit necessitatibus dolores error. Non ducimus vero dolores. Quo culpa possimus eos vel. Quam unde et at et tempora. Quos atque tempore esse eos alias repellendus cupiditate unde.',NULL,1,1,'1991-10-23 09:39:37'),(3,5,83,'Neque cupiditate aliquam voluptate asperiores veritatis aliquam temporibus enim. Officiis nemo dolorum repellat error quo assumenda vitae consequatur. Vel alias amet repellendus sit.',NULL,1,1,'1991-07-05 12:59:06'),(4,26,23,'Laborum iusto et culpa aspernatur aliquid harum alias laudantium. Voluptatem pariatur sit sit cumque et similique. Quia totam tempore libero quaerat molestias. Vel quaerat debitis totam deserunt dolorem.',NULL,0,1,'1995-11-15 04:59:28'),(5,91,73,'Soluta quis similique vel impedit in sint dicta voluptatum. Facilis magnam sit eos enim neque aut voluptatem. Iste provident enim nobis quasi reprehenderit temporibus ex.',NULL,1,1,'1985-11-09 15:59:05'),(6,85,95,'Praesentium at quia libero vero. Sequi sed officia nulla ut labore. Facilis temporibus omnis vitae nulla fugit doloremque.',NULL,0,0,'1978-04-09 01:18:12'),(7,39,55,'Unde corporis sunt aspernatur quos soluta laboriosam qui eos. Cum qui molestiae dolor nemo dolorem. Et sit nostrum nihil cupiditate et. Accusamus sit voluptatem occaecati tempore vel ut maiores.',NULL,1,0,'1997-01-26 17:23:59'),(8,9,93,'Veniam consequatur excepturi dolor exercitationem placeat voluptatem deleniti. Rerum fugiat iste eos. Accusantium architecto fugiat quo modi.',NULL,1,0,'1993-10-25 02:10:22'),(9,58,3,'Mollitia omnis ex sunt exercitationem unde esse. Blanditiis quas rem deleniti expedita necessitatibus nulla est. Rerum minima optio excepturi aut.',NULL,0,0,'2014-03-25 09:58:47'),(10,70,23,'Incidunt nulla in quaerat nulla et voluptates voluptate rerum. Reprehenderit necessitatibus aut neque reprehenderit non maxime. Ullam repellendus sit omnis vitae est maiores fugiat. Atque molestias labore molestias ducimus.',NULL,1,1,'1995-06-15 02:17:53'),(11,71,13,'Cumque quaerat aperiam pariatur placeat et cumque. Nostrum magnam sed saepe animi accusamus in quo. Quod velit aut dolor provident voluptate dolor nihil. Quis aspernatur voluptas doloribus eaque facilis placeat corporis.',NULL,1,0,'2010-03-20 22:34:14'),(12,11,64,'Dignissimos et voluptatem ut animi qui ut aliquid. Rerum sint rerum dicta sunt beatae. In neque aut doloremque voluptate quae tenetur. Qui mollitia aut quae quam.',NULL,1,0,'1992-02-06 23:41:28'),(13,44,57,'Et est sequi voluptates. Est voluptatem quia dignissimos accusamus et autem.',NULL,1,0,'1988-03-13 07:48:13'),(14,71,27,'Assumenda officiis dolore quam quis non saepe. Autem unde expedita expedita recusandae vel. Quia dolores et quo aut sed odit recusandae placeat. Et cum repellendus et magnam voluptas eum.',NULL,1,1,'1987-01-27 15:30:16'),(15,84,81,'Nihil delectus odit quis minima praesentium. Doloribus illum quia cum rem molestiae repellat. Iure consequatur ipsam eos. Aliquam quos veniam placeat ut et maxime.',NULL,1,1,'2017-05-04 20:44:29'),(16,23,32,'Recusandae eligendi dolorem quia. Repellat debitis aut minima fugiat qui ullam est. Exercitationem est velit deleniti qui quia nihil blanditiis.',NULL,0,1,'1996-09-27 11:39:47'),(17,20,11,'Id quam magnam rerum quia sequi. Dolores laboriosam ad aliquam quod non minus.',NULL,0,1,'2013-10-30 20:09:02'),(18,66,24,'Et ut molestiae ipsam officia. Blanditiis placeat fuga neque accusamus provident. Dolorum non rerum occaecati deserunt autem rerum necessitatibus.',NULL,0,1,'1970-06-22 15:35:04'),(19,93,92,'Doloribus aut maiores delectus repudiandae. Aut at occaecati vel voluptatem autem alias. Eaque architecto quasi reprehenderit necessitatibus et ex quo aut.',NULL,0,0,'2013-07-25 13:01:09'),(20,47,84,'Aut est labore dignissimos aut ab eum quisquam. Maiores voluptate ut est id quidem impedit rerum. Omnis sed nam consequatur velit doloremque iure.',NULL,1,0,'1999-11-01 03:01:23'),(21,65,31,'Hic et possimus ullam illum velit sit nostrum. Quam repudiandae at veniam. In dicta distinctio fuga temporibus voluptatem veniam sed. Deleniti sint consectetur ea in.',NULL,0,0,'1997-07-30 20:30:43'),(22,78,4,'Voluptas labore impedit qui necessitatibus. Officiis eaque voluptatem eum dignissimos repellat fugiat. Adipisci voluptatum distinctio nihil.',NULL,1,0,'2011-06-08 22:15:31'),(23,86,87,'Cupiditate voluptas non a omnis. Sed non et unde totam in aut similique veritatis. Excepturi sed qui molestiae sunt esse.',NULL,0,0,'2011-01-10 02:32:44'),(24,96,43,'Asperiores quis quo voluptatem. Nisi ut accusamus est vel distinctio dolorem. Consequuntur laudantium eum nemo. Iste reiciendis a sapiente illo incidunt.',NULL,1,0,'1971-04-13 22:36:51'),(25,90,66,'Dolore autem dolor sed molestiae maxime. Et consequatur mollitia expedita.',NULL,1,1,'1973-05-17 12:42:58'),(26,66,61,'Ea aspernatur voluptate ab earum eos assumenda. Magni molestiae dolor sint. Aut aut ut est iusto sit suscipit facilis voluptatum. Molestiae a officia eum optio rerum consequatur et. Aut deserunt dolorum at eligendi deserunt error iusto maxime.',NULL,0,0,'1998-07-11 18:33:53'),(27,79,77,'Voluptas et non assumenda in rem. Et minima qui quis corporis molestiae. Quis iusto vel quo soluta. Aut quia reiciendis qui nemo quos et.',NULL,1,0,'2002-12-12 14:32:36'),(28,25,22,'Fuga suscipit et omnis quo nemo aliquid. Asperiores repellendus alias ab eum et. In consequatur eaque vero quo repellendus nam. Natus ad enim deserunt.',NULL,0,1,'2015-05-07 03:53:23'),(29,34,95,'Eligendi voluptatibus dicta amet maiores dolorem. Voluptatem est deleniti ullam et non velit architecto. Ea omnis in earum ut ut repudiandae illo.',NULL,0,1,'1996-04-28 06:27:21'),(30,48,17,'Consequatur vel excepturi odit vel quia aut id aperiam. Nesciunt eaque commodi qui quidem odit culpa quia. Voluptas ipsam voluptatem ratione minus ut repellat. Et saepe reprehenderit nihil ipsam eos.',NULL,0,1,'2017-09-03 00:36:37'),(31,75,71,'Sed facilis odio consequatur ut sint atque quam rerum. Amet voluptas reiciendis illum dolorum amet aut. In qui ut et qui.',NULL,1,0,'2000-10-27 23:32:24'),(32,49,95,'Autem aut neque illum impedit aliquid. Dolores autem repellat sit ratione. At excepturi accusantium et perferendis. Perspiciatis non saepe minima sed sed.',NULL,1,0,'2012-06-19 01:11:24'),(33,81,15,'Maiores magni aut est blanditiis cupiditate. Nemo provident voluptatem et molestiae nihil rerum ea. Dolorem sed maxime et laboriosam et perspiciatis cumque.',NULL,0,0,'1997-03-09 20:26:15'),(34,19,74,'Quidem commodi atque et sint. Voluptatum qui repellendus qui rerum eum nostrum. Voluptatum sapiente totam laboriosam aperiam maiores cumque. Inventore ut ut facere minima eaque velit.',NULL,1,0,'2013-05-04 04:01:30'),(35,6,65,'Quisquam tempore placeat occaecati et. Et harum ut itaque sunt dignissimos error. Sunt voluptatem harum ut sunt. Expedita dolores sunt beatae eos.',NULL,0,0,'1996-06-28 08:14:54'),(36,58,71,'Enim amet aut quasi molestiae ut molestias commodi ea. Fuga ut in id ut rerum. Quidem voluptates consequatur dolorem at aliquid omnis. Rerum facere sequi hic.',NULL,0,1,'1996-06-23 23:05:46'),(37,95,36,'Corporis aut et culpa reiciendis. Et explicabo quam explicabo consequuntur quasi quo quasi qui. Est labore rem aut.',NULL,1,0,'1974-02-10 14:35:16'),(38,75,80,'Deleniti dolor nulla voluptas aut. Et dignissimos voluptate nihil optio. Molestiae tempora quia magnam et autem totam deleniti. Quasi ut optio est praesentium aut voluptas.',NULL,0,1,'2013-08-07 15:21:21'),(39,22,70,'Nam autem repudiandae omnis blanditiis explicabo autem blanditiis. Nulla qui repudiandae et autem molestiae occaecati. Quo iste qui voluptate maiores.',NULL,1,1,'1995-07-01 16:07:30'),(40,23,12,'Illum minima dolor natus cum dicta optio reiciendis. Perferendis sed excepturi ipsam quia. Voluptas voluptate sunt temporibus aliquid. Nam natus aut aliquam porro ut.',NULL,1,0,'2018-05-21 03:42:40'),(41,36,89,'Et tempora inventore aspernatur est nihil magni. Repellendus harum tempora officia sed eaque officiis.',NULL,0,0,'1975-07-04 12:56:32'),(42,73,14,'Occaecati dolor minus ea temporibus nostrum. Quisquam neque architecto voluptatem voluptas. Officia recusandae doloribus amet sunt magnam porro ducimus. Dolorum molestiae doloribus mollitia quas et aut.',NULL,1,0,'2017-02-03 16:43:15'),(43,65,97,'Sunt unde laudantium aut sit quo nisi beatae odit. Itaque sequi voluptatibus perferendis totam nam in et. Aut unde accusamus saepe error praesentium impedit. Dolore quis corrupti autem sint autem veniam vel.',NULL,1,0,'2015-06-24 09:51:58'),(44,35,98,'Itaque perspiciatis excepturi deleniti voluptates vel et quod rerum. Nihil corrupti nihil voluptate quisquam unde tenetur ipsam. Porro tempora dolorem suscipit et sed quaerat est. Fugiat omnis reprehenderit magni corrupti.',NULL,1,0,'1996-11-27 17:34:11'),(45,91,82,'Magnam adipisci ipsam velit. Ea qui maiores quidem soluta et. Sed reiciendis nostrum nisi. Sit est nihil et quibusdam.',NULL,1,1,'2001-12-02 17:54:14'),(46,15,66,'Similique porro incidunt quia similique et quibusdam tempore. Dolores non minima eius reiciendis unde autem. Harum ratione nobis asperiores vitae illo possimus.',NULL,1,0,'2004-10-19 08:20:13'),(47,52,63,'Repellendus quis cupiditate neque iure qui velit in blanditiis. Non delectus sed et officia iure et. Ut vel sequi ea mollitia esse. Distinctio nemo molestias reprehenderit perspiciatis sit laborum consequatur.',NULL,0,0,'2012-12-18 13:35:00'),(48,60,33,'Aut nam earum velit cumque provident et. Aut soluta molestiae rem. In praesentium ullam voluptatum laboriosam quod quam et. Eos facilis eveniet atque voluptas incidunt inventore qui.',NULL,1,0,'1973-03-03 23:44:08'),(49,77,78,'Aspernatur dolorum dolor omnis architecto aut pariatur vitae. Nihil ut vitae ad qui necessitatibus ipsum et. Omnis cum quo facilis suscipit sunt similique. Qui ipsa vero sequi asperiores. Ut ut at consectetur officia.',NULL,0,0,'1995-10-11 09:51:23'),(50,7,83,'Quis ipsam similique error sapiente qui. Dolores reprehenderit excepturi temporibus accusantium. Inventore quod esse repudiandae voluptate maiores consequatur eos.',NULL,0,1,'1989-03-10 05:13:39'),(51,42,64,'Velit fuga dolorem dolor voluptatem praesentium dignissimos est iure. Error sed veritatis repellendus eum repellendus. Exercitationem dolorum ut perferendis est sit facere adipisci dicta. Cupiditate soluta rem nulla est ipsum error.',NULL,0,1,'1999-09-26 21:56:03'),(52,53,37,'Porro reiciendis impedit nobis ut voluptatem fugit porro. Eum voluptatem et expedita sequi. Vero quisquam consequatur aut cumque voluptatem consequatur. Sint ut dicta sequi nulla nobis amet atque.',NULL,0,1,'2002-06-10 23:11:03'),(53,99,27,'Illo quia omnis magnam unde dignissimos. Voluptates saepe ipsa quo occaecati qui voluptas placeat. Non qui quasi alias voluptas deleniti nihil.',NULL,1,1,'1976-10-21 20:17:53'),(54,17,21,'Aut sapiente laboriosam nam sit asperiores dolores. Et sit cumque expedita. Dignissimos aliquid dolorem et eligendi minus. Voluptas id et sed culpa omnis omnis explicabo.',NULL,0,0,'2018-07-23 23:00:35'),(55,97,39,'Quaerat qui ea ea modi optio totam consequatur consequuntur. Est optio deleniti numquam culpa. Totam nesciunt autem impedit voluptatum dolore maiores.',NULL,1,0,'1975-07-07 07:53:39'),(56,33,32,'Debitis eaque beatae quod voluptatum animi quia. Et aut et sunt est. Iste totam et autem cupiditate ullam vero.',NULL,0,0,'1997-12-08 18:40:50'),(57,28,5,'Eveniet laudantium veniam necessitatibus blanditiis fugiat commodi. Incidunt voluptatibus officiis vero consequatur aut soluta est sint. Et cumque sit sequi quo. Laborum ipsam rem vero illo nam facilis dolorum ut.',NULL,1,0,'2008-12-19 23:34:15'),(58,45,92,'Numquam amet rerum et. Quas rem maxime quibusdam qui explicabo provident. Sed eos blanditiis id sapiente sit facere. Eveniet sint et soluta tempore ut iure perferendis.',NULL,0,1,'2011-03-06 23:49:07'),(59,1,80,'Error est autem nulla dolor beatae officia. Nam ducimus id sit et qui magni. Voluptatem dolores sit vel est sequi.',NULL,0,0,'1986-08-11 11:10:02'),(60,90,92,'Tempora magni ratione reiciendis rerum praesentium dignissimos et maxime. Occaecati perspiciatis sapiente atque et dolorum veritatis sint.',NULL,0,0,'2018-12-25 20:22:19'),(61,61,4,'Temporibus dolores facilis architecto ipsam illo consequuntur. Eum quae quisquam iusto fugiat perferendis recusandae voluptatum autem. Architecto explicabo incidunt nisi inventore.',NULL,0,0,'2020-06-05 11:52:27'),(62,57,13,'Mollitia inventore adipisci eveniet optio sed. Sed et aperiam eligendi voluptas.',NULL,0,0,'2019-03-23 19:36:23'),(63,66,16,'Ipsum omnis nam sint error. Ut enim reprehenderit harum totam dicta ea. Iure ab beatae nisi ipsum ad numquam.',NULL,0,0,'1977-03-19 23:31:12'),(64,46,42,'Voluptatem ut doloribus sit facere ipsum. Ut praesentium cum commodi ullam ratione. Sequi ut quia sit libero sunt a voluptatem provident.',NULL,0,1,'1986-02-16 14:58:26'),(65,93,53,'Quaerat nostrum non eligendi beatae quis. Maiores repudiandae ullam ea sed alias labore harum. Temporibus quia aut delectus deleniti. Dolorum esse voluptatem inventore hic placeat.',NULL,1,0,'1988-11-20 00:23:03'),(66,25,35,'Aperiam velit aut adipisci ipsam non velit. Aperiam omnis ad aut deleniti culpa expedita. Suscipit distinctio totam velit quae.',NULL,1,0,'2001-04-29 04:51:41'),(67,16,77,'Odit quas amet eligendi quos tempore. Veniam incidunt aut tempore et aliquam adipisci. Consequatur qui eos esse quo nisi eos.',NULL,0,1,'1992-08-24 01:45:33'),(68,71,15,'Nisi molestiae est quis exercitationem quis mollitia deserunt. Exercitationem id natus natus dicta libero. Officia aliquid modi nam natus doloremque ut eum qui.',NULL,1,0,'2019-06-21 06:30:13'),(69,4,87,'Ut atque non et cum qui. Id tempore voluptate laudantium sit possimus illum natus. Inventore eum blanditiis quasi sint.',NULL,0,1,'1989-01-19 06:51:44'),(70,35,1,'Quam expedita non aut unde magni. Voluptas cumque dolores placeat voluptas inventore a et voluptatem. Id ipsam illo qui cumque sequi pariatur. Nihil eum voluptatem voluptatem veniam enim nostrum voluptas fugiat. Nam tempora enim non.',NULL,1,0,'2012-10-26 04:16:16'),(71,26,68,'Porro quo nobis temporibus et dolor accusantium quos laborum. Eveniet ipsam cumque occaecati. Incidunt alias perferendis tempore voluptatem autem.',NULL,1,1,'1996-11-27 13:43:21'),(72,32,53,'Magnam non laborum fugiat eum. Quas non temporibus quae iste officia inventore.',NULL,1,1,'1991-10-03 23:13:13'),(73,72,77,'Ipsum magnam magnam minus velit. Earum molestiae in velit cupiditate est tempore. Voluptatibus maiores et culpa blanditiis non praesentium nostrum nulla. Distinctio et veritatis non necessitatibus.',NULL,0,1,'2008-06-02 06:08:31'),(74,45,73,'Aut minima voluptas officia ut aut cum. Dolorum alias dolore officia nam id. Rem tempora numquam ea. Maxime quibusdam mollitia adipisci maxime.',NULL,1,0,'2015-09-10 19:58:41'),(75,56,34,'Aut aut sint deserunt cupiditate porro nesciunt sunt et. Cum sunt animi at qui recusandae. Non modi ad voluptatibus. Exercitationem commodi unde similique vitae dolore quibusdam omnis sapiente.',NULL,0,0,'2009-08-20 12:03:57'),(76,64,17,'Illum temporibus reprehenderit sint explicabo. Est architecto tempora et aut reiciendis. Animi ea sed nihil quia qui. Dolor quis voluptatem voluptate officia autem sint ea.',NULL,1,1,'1983-02-11 00:13:09'),(77,37,20,'Nulla similique nihil reiciendis dolor error hic sequi. Similique non facere sed facere vel qui. Qui esse qui nihil quia vel aut dolorem. Velit voluptate ut ex placeat.',NULL,1,0,'1978-03-26 05:03:11'),(78,30,3,'Natus nobis in ut quia debitis. Incidunt quos enim consequatur fugiat fuga ullam. Nulla provident et nisi sapiente quas suscipit. Excepturi rerum incidunt omnis sit quibusdam sequi numquam.',NULL,1,1,'2001-09-28 21:30:07'),(79,36,76,'Consequatur labore aut quasi sed sed veniam. Quia quis asperiores vitae consequatur sit eaque. Neque sint amet fugit facere fugiat maiores. Minima facere et et voluptatem. Aperiam veritatis omnis voluptate delectus.',NULL,1,0,'2013-11-16 09:20:03'),(80,45,29,'Sit voluptas aspernatur minus sunt dicta iste dolorem. Facilis sint vero quasi ut quis. Est enim voluptate quod libero repellendus repellendus.',NULL,1,1,'2011-04-20 11:35:09'),(81,28,69,'Atque ut eligendi consectetur et. Facere officiis nesciunt eum dolorem ea aliquam. Dignissimos debitis a occaecati odio nihil quis omnis. Consequatur veniam consequatur deserunt nihil est reiciendis et omnis.',NULL,0,1,'1974-01-15 20:51:15'),(82,63,43,'Itaque quis enim quia. Et ipsam et temporibus atque porro et ab. Saepe sunt fugiat ut mollitia.',NULL,1,1,'1991-03-12 16:43:00'),(83,46,34,'Consequatur vel soluta maiores eos rerum dolores. Incidunt omnis ut sunt expedita sit ullam alias. Quod repudiandae qui quo autem. Totam et et ipsam quidem consequatur et.',NULL,1,1,'1974-07-07 19:23:37'),(84,57,49,'Aliquam vero fugiat est tempore illo. Et dicta tempora quae nihil. Sunt sit et explicabo aut quidem quia quaerat. Delectus rem ut et ipsa porro. Nemo qui error molestias qui ipsum eum.',NULL,1,1,'2001-08-05 05:27:57'),(85,21,92,'Accusantium modi tenetur maiores soluta qui eveniet voluptas aut. Qui soluta ex corrupti consequatur. Facere quo quos labore dolores explicabo esse consequatur. Maiores quam architecto mollitia quia doloremque quia.',NULL,0,0,'1997-01-21 20:50:27'),(86,50,46,'Quasi placeat molestiae temporibus voluptatem qui aperiam. Qui velit suscipit laudantium dolorum voluptatem. Architecto esse aliquid aperiam voluptatem aut.',NULL,0,1,'1991-10-13 03:58:39'),(87,59,82,'Architecto doloribus doloribus suscipit dignissimos tempora dolores eaque. Nesciunt harum necessitatibus et. Numquam vero eos beatae dolores delectus est dolor eligendi.',NULL,1,1,'1982-08-06 06:06:09'),(88,98,31,'Ipsa est quo dolores ullam ut magnam totam consequuntur. Quae itaque praesentium ullam quia. Voluptatem consequatur itaque enim ex animi amet voluptatem.',NULL,1,0,'2018-01-17 12:45:59'),(89,58,43,'Praesentium itaque corporis consectetur consequatur et deleniti numquam nemo. Nulla unde in quia corporis modi. Qui accusamus neque mollitia aut voluptates voluptatibus ea deserunt.',NULL,0,1,'2018-01-18 12:12:50'),(90,3,13,'Aspernatur ut ut aliquam aut architecto quidem. Voluptas voluptas in quidem vel quos. Voluptatibus delectus et dolorem voluptatum.',NULL,1,0,'2010-08-24 14:59:22'),(91,76,66,'Occaecati exercitationem fuga soluta at nemo. Repellendus consectetur minima quia aut ratione porro. Et amet aperiam harum porro nihil suscipit nemo.',NULL,0,0,'2012-11-06 16:31:52'),(92,30,13,'Quae labore aut perferendis dolorem. Quibusdam laborum doloribus recusandae dolorum aspernatur qui laborum id.',NULL,1,0,'2011-11-23 04:04:11'),(93,86,59,'Voluptas repellendus molestiae cum repudiandae. Voluptatibus nesciunt ipsam error nemo id.',NULL,0,1,'1984-12-01 08:35:48'),(94,16,21,'Rerum illum maiores sunt. Id et sed ut ab rerum enim. Dolorem est corrupti fugit dolorum. Vel aut quia eveniet quasi quia voluptates velit. Et culpa consequatur saepe hic dignissimos perferendis ab.',NULL,1,1,'1988-08-20 20:12:39'),(95,34,60,'Expedita ut nihil unde corporis aut. Ipsam accusantium et aperiam in dicta. Quasi amet exercitationem est dolorum. Dolor tempora distinctio est possimus dolore sed placeat.',NULL,0,0,'2000-04-10 21:06:37'),(96,50,61,'Qui voluptas vitae velit exercitationem vero. Impedit quo vero nemo. Enim aut dolores asperiores culpa. Et harum dolorem expedita perspiciatis aperiam aspernatur sunt.',NULL,1,0,'2011-11-11 20:38:05'),(97,28,12,'Doloremque dignissimos incidunt sunt non. Porro qui consectetur veritatis. Doloribus et vitae consequatur. Esse illum sunt qui eum ut eum.',NULL,1,1,'2001-12-15 21:22:01'),(98,4,74,'Deleniti et necessitatibus laudantium voluptatem ut. Et qui et ut corrupti repellendus.',NULL,1,1,'2015-09-01 08:57:06'),(99,46,61,'Laborum magni eaque et enim quos quibusdam sit. Beatae sunt et voluptas saepe et voluptatem. Ad quos dolores quo eaque.',NULL,1,0,'2005-10-28 15:13:27'),(100,23,66,'Vel ea doloribus maxime ut cumque et. Explicabo qui eius omnis perferendis iure natus.',NULL,0,0,'1998-07-22 07:21:38');
/*!40000 ALTER TABLE `messages` ENABLE KEYS */;
UNLOCK TABLES;

--
-- Table structure for table `posts`
--

DROP TABLE IF EXISTS `posts`;
/*!40101 SET @saved_cs_client     = @@character_set_client */;
/*!50503 SET character_set_client = utf8mb4 */;
CREATE TABLE `posts` (
  `id` int unsigned NOT NULL AUTO_INCREMENT,
  `user_id` int unsigned NOT NULL,
  `community_id` int unsigned DEFAULT NULL,
  `head` varchar(255) DEFAULT NULL,
  `body` text NOT NULL,
  `media_id` int unsigned DEFAULT NULL,
  `is_public` tinyint(1) DEFAULT '1',
  `is_archived` tinyint(1) DEFAULT '0',
  `created_at` datetime DEFAULT CURRENT_TIMESTAMP,
  `updated_at` datetime DEFAULT CURRENT_TIMESTAMP ON UPDATE CURRENT_TIMESTAMP,
  PRIMARY KEY (`id`),
  KEY `posts_user_id_fk` (`user_id`),
  KEY `posts_media_id_fk` (`media_id`),
  KEY `posts_community_id_fk` (`community_id`),
  CONSTRAINT `posts_community_id_fk` FOREIGN KEY (`community_id`) REFERENCES `communities` (`id`),
  CONSTRAINT `posts_media_id_fk` FOREIGN KEY (`media_id`) REFERENCES `media` (`id`),
  CONSTRAINT `posts_user_id_fk` FOREIGN KEY (`user_id`) REFERENCES `users` (`id`)
) ENGINE=InnoDB DEFAULT CHARSET=utf8mb4 COLLATE=utf8mb4_0900_ai_ci;
/*!40101 SET character_set_client = @saved_cs_client */;

--
-- Dumping data for table `posts`
--

LOCK TABLES `posts` WRITE;
/*!40000 ALTER TABLE `posts` DISABLE KEYS */;
/*!40000 ALTER TABLE `posts` ENABLE KEYS */;
UNLOCK TABLES;

--
-- Table structure for table `profiles`
--

DROP TABLE IF EXISTS `profiles`;
/*!40101 SET @saved_cs_client     = @@character_set_client */;
/*!50503 SET character_set_client = utf8mb4 */;
CREATE TABLE `profiles` (
  `user_id` int unsigned NOT NULL COMMENT 'Ссылка на пользователя',
  `gender` enum('M','F') COLLATE utf8_unicode_ci NOT NULL,
  `birthday` date DEFAULT NULL COMMENT 'Дата рождения',
  `city` varchar(130) CHARACTER SET utf8 COLLATE utf8_unicode_ci DEFAULT NULL COMMENT 'Город проживания',
  `country` varchar(130) CHARACTER SET utf8 COLLATE utf8_unicode_ci DEFAULT NULL COMMENT 'Страна проживания',
  `created_at` datetime DEFAULT CURRENT_TIMESTAMP COMMENT 'Время создания строки',
  `updated_at` datetime DEFAULT CURRENT_TIMESTAMP ON UPDATE CURRENT_TIMESTAMP COMMENT 'Время обновления строки',
  PRIMARY KEY (`user_id`),
  CONSTRAINT `profiles_user_id_fk` FOREIGN KEY (`user_id`) REFERENCES `users` (`id`) ON DELETE CASCADE
) ENGINE=InnoDB DEFAULT CHARSET=utf8 COLLATE=utf8_unicode_ci COMMENT='Профили';
/*!40101 SET character_set_client = @saved_cs_client */;

--
-- Dumping data for table `profiles`
--

LOCK TABLES `profiles` WRITE;
/*!40000 ALTER TABLE `profiles` DISABLE KEYS */;
INSERT INTO `profiles` VALUES (1,'F','1970-12-07','North Florenceshire','Romania','1995-11-30 20:05:52','2020-11-13 19:27:34'),(2,'M','1982-09-02','Port Carsonview','China','2013-04-18 02:13:32','2020-11-13 19:27:34'),(3,'F','2003-08-06','Willmsmouth','Angola','2009-01-21 12:31:36','2016-05-22 00:27:00'),(4,'F','1992-06-16','Port Moriah','Trinidad and Tobago','2008-05-27 23:02:49','2014-11-25 00:58:32'),(5,'M','1980-02-15','Johnstonbury','Tajikistan','1992-06-26 12:03:13','2020-11-13 19:27:34'),(6,'M','1989-09-28','New Krystal','Tunisia','2018-01-22 06:39:49','2020-11-13 19:27:34'),(7,'M','1983-05-04','Lake Groverfort','United States Minor Outlying Islands','1985-02-11 00:52:43','1994-06-27 14:48:16'),(8,'M','2009-01-19','Anabellefurt','Guatemala','2010-03-11 08:44:40','2020-11-13 19:27:34'),(9,'M','2011-07-02','West Shyanne','Antigua and Barbuda','1979-10-01 14:48:29','1988-08-07 16:33:01'),(10,'F','2016-12-08','South Reannafort','Fiji','1973-05-21 21:58:28','2016-06-30 22:57:48'),(11,'F','1976-07-28','Kiarramouth','Palestinian Territory','1996-09-04 20:42:52','1998-01-11 11:41:34'),(12,'F','1970-07-08','East Annetteview','Libyan Arab Jamahiriya','1997-01-27 16:10:21','2007-02-02 13:36:32'),(13,'F','1991-09-17','Gaylordport','Morocco','2009-08-24 22:52:51','2020-11-13 19:27:34'),(14,'M','2019-03-31','Quigleytown','Macedonia','2007-06-07 09:30:57','2020-11-13 19:27:34'),(15,'M','2006-03-01','Lake Rosemary','Kiribati','1973-09-09 16:53:22','1983-09-13 03:20:54'),(16,'F','2009-01-16','Treutelhaven','Niger','1976-05-06 09:55:31','1991-10-26 20:06:13'),(17,'F','2018-04-13','Rennerburgh','Nauru','1978-10-16 21:36:16','2016-03-28 15:17:13'),(18,'F','1994-09-07','Gutmannland','Lebanon','1980-02-07 18:26:11','2018-08-18 05:29:08'),(19,'F','2015-02-05','Bernhardport','Sierra Leone','2012-12-04 12:24:37','2020-11-13 19:27:34'),(20,'F','1974-05-09','Klockotown','Israel','1986-02-02 13:17:19','2008-12-25 16:18:49'),(21,'M','1982-06-15','O\'Haraberg','Grenada','2008-03-08 20:35:54','2020-11-13 19:27:34'),(22,'M','2000-11-26','Anthonymouth','Turks and Caicos Islands','2017-05-09 19:35:50','2019-03-17 09:22:21'),(23,'F','1976-01-14','North Sheaberg','Guernsey','1985-10-17 07:27:13','2020-11-13 19:27:34'),(24,'F','2014-03-05','Port Santina','Libyan Arab Jamahiriya','2008-11-06 22:28:46','2020-11-13 19:27:34'),(25,'F','1985-04-05','Lake Angeloport','Saint Barthelemy','2008-12-27 20:04:48','2020-11-13 19:27:34'),(26,'M','1996-08-31','Amayamouth','Saint Vincent and the Grenadines','1994-07-07 12:49:07','2009-07-19 16:25:22'),(27,'M','2017-10-15','Starkside','Gabon','1979-07-29 20:44:31','1996-06-17 13:50:59'),(28,'M','2010-11-05','Halvorsontown','Russian Federation','2012-07-14 19:23:47','2020-11-13 19:27:34'),(29,'F','1987-09-24','Gilbertfort','Mauritania','1982-10-28 21:41:55','2007-12-20 00:10:32'),(30,'M','1988-10-19','Sheridanton','Netherlands Antilles','1999-04-25 07:52:05','2020-11-13 19:27:34'),(31,'M','1988-07-22','Magdalenaburgh','Syrian Arab Republic','1979-09-25 11:24:52','1991-11-21 08:42:05'),(32,'M','2010-09-05','Simonisbury','Djibouti','1988-12-09 15:49:03','2007-04-11 11:07:12'),(33,'F','2017-03-30','Diontown','Jersey','2002-12-22 14:55:51','2010-01-01 05:50:26'),(34,'M','1982-09-13','Torreyfort','Cape Verde','1999-04-22 14:10:17','2011-10-22 19:23:24'),(35,'M','1985-05-23','McLaughlinchester','Algeria','2020-04-15 21:35:46','2020-11-13 19:27:34'),(36,'M','1982-05-26','Halvorsonmouth','Chile','2003-04-09 06:18:45','2019-12-16 03:52:30'),(37,'M','1973-03-03','Harveystad','France','1975-01-28 14:01:11','2016-11-22 11:06:02'),(38,'F','2009-08-21','Port Adella','Lithuania','2007-11-01 23:33:48','2018-11-13 08:35:59'),(39,'F','1970-12-21','East Dimitriview','Oman','2013-12-16 01:36:46','2020-11-13 19:27:34'),(40,'M','2011-09-09','Lake Jordy','Bhutan','1999-11-09 03:42:50','2020-11-13 19:27:34'),(41,'F','1984-09-03','Kesslerbury','Slovakia (Slovak Republic)','2002-01-12 14:24:21','2020-11-13 19:27:34'),(42,'M','1979-08-13','Lake Nathanialport','Sierra Leone','1988-10-16 04:25:24','1997-05-11 20:50:20'),(43,'M','1984-05-27','Bogisichhaven','Slovenia','2003-08-08 22:23:30','2009-12-14 07:10:17'),(44,'M','2019-02-28','Wizabury','Israel','2000-08-07 01:52:43','2020-11-13 19:27:34'),(45,'M','2004-02-03','New Brendonchester','New Caledonia','1998-05-25 00:56:35','2020-11-13 19:27:34'),(46,'F','1996-07-27','Emmaleetown','Tajikistan','1984-05-04 12:35:52','2020-11-13 19:27:34'),(47,'M','2002-03-27','New Jackyfort','Romania','1991-10-12 21:26:51','2015-03-07 09:36:56'),(48,'M','1986-08-19','East Marcosstad','Afghanistan','1989-08-21 20:34:23','2008-09-16 12:10:14'),(49,'M','2003-07-20','North Victoriaport','Lao People\'s Democratic Republic','1998-08-02 00:02:47','2020-11-13 19:27:34'),(50,'F','2020-01-10','Nettiemouth','Niue','1974-02-05 02:17:50','2020-11-13 19:27:34'),(51,'F','1981-07-25','Krischester','Martinique','1982-06-18 00:14:33','1996-09-18 02:11:26'),(52,'M','2017-12-17','Lake Rainafort','Marshall Islands','1994-10-20 09:55:30','2020-11-13 19:27:34'),(53,'M','1981-07-30','East Metaside','Sierra Leone','1970-08-10 02:20:55','1979-10-01 14:42:05'),(54,'F','1975-03-06','Friesenhaven','Iran','2002-07-10 07:58:51','2013-11-21 20:19:46'),(55,'F','1994-03-11','Satterfieldland','Mauritania','1999-10-03 10:21:26','2020-11-13 19:27:34'),(56,'F','1984-03-17','Erdmanchester','Cocos (Keeling) Islands','1976-04-07 21:23:27','1979-04-09 22:52:48'),(57,'M','2001-11-02','Port Elroyton','Mexico','2004-08-03 19:35:01','2005-04-01 18:28:55'),(58,'M','1978-03-24','Rosenbaumburgh','Austria','1983-10-20 14:15:58','1992-10-31 15:56:51'),(59,'F','1971-08-13','Jacobsonborough','Ireland','2000-11-24 19:09:43','2020-11-13 19:27:34'),(60,'M','1976-01-21','Ellenmouth','Slovenia','1974-03-13 18:06:12','2020-11-13 19:27:34'),(61,'F','2007-10-13','New Shanonport','Canada','1991-11-04 15:57:10','1996-08-07 22:24:35'),(62,'F','1978-04-11','Venaport','Vanuatu','1993-08-01 23:31:33','2020-11-13 19:27:34'),(63,'M','1983-05-18','Port Geovany','Antarctica (the territory South of 60 deg S)','1974-07-14 19:45:33','1993-06-20 04:45:26'),(64,'F','2001-12-28','South Maxime','Kyrgyz Republic','2001-08-19 18:27:13','2020-11-13 19:27:34'),(65,'F','1995-03-08','Beckerhaven','Brunei Darussalam','1989-10-17 13:12:52','1999-04-06 05:19:26'),(66,'F','1987-07-11','West Missourifort','Tuvalu','2009-12-28 10:11:48','2020-11-13 19:27:34'),(67,'F','1992-12-01','North Sydni','Brazil','1972-08-17 05:39:44','2012-04-28 22:29:27'),(68,'F','1998-10-25','New Kirstinland','Wallis and Futuna','1981-10-23 20:39:39','2014-11-28 04:25:40'),(69,'F','1981-07-11','South Queen','Philippines','2019-07-11 16:39:39','2020-11-13 19:27:34'),(70,'F','2012-04-25','Kylaville','Mongolia','2019-07-30 13:55:55','2020-11-13 19:27:34'),(71,'M','1992-09-06','Samantahaven','Faroe Islands','1984-04-24 13:56:21','1992-12-10 07:49:37'),(72,'F','2018-03-26','Halvorsonfort','French Polynesia','2001-06-19 15:15:06','2003-09-19 15:13:39'),(73,'F','1999-07-21','West Deborah','Singapore','1978-10-24 00:12:49','2020-11-13 19:27:34'),(74,'M','1971-05-04','Port Adella','Belarus','2017-05-08 08:31:17','2018-03-24 22:30:24'),(75,'M','1977-11-23','North Annettemouth','Bahrain','2017-04-23 00:35:34','2020-11-13 19:27:34'),(76,'M','2003-01-29','Raustad','Azerbaijan','2009-05-09 04:05:13','2020-11-13 19:27:34'),(77,'M','1995-09-21','West Demond','Brunei Darussalam','2011-08-01 19:02:13','2019-09-13 05:32:13'),(78,'M','2017-02-18','Cormierside','Micronesia','2008-03-19 12:03:28','2020-11-13 19:27:34'),(79,'M','1998-09-26','Bogisichview','Dominica','1997-02-23 03:49:05','2020-11-13 19:27:34'),(80,'M','2007-05-17','North Laurentown','Israel','2015-03-25 07:22:35','2020-11-13 19:27:34'),(81,'F','1972-04-08','Nicoleland','Bangladesh','1979-05-27 13:27:37','1996-09-20 23:50:59'),(82,'F','2000-10-06','Zellaborough','Estonia','1983-12-06 02:14:44','2020-01-16 23:23:12'),(83,'M','2013-08-06','Erikside','Finland','1990-11-27 05:34:57','2016-03-30 08:08:42'),(84,'M','1994-12-26','Port Sabina','Dominica','1981-12-16 09:56:30','2007-07-04 08:19:25'),(85,'F','2001-09-21','Schambergerfort','Vietnam','1978-05-29 16:48:17','1995-03-05 15:22:00'),(86,'M','2020-06-15','Dooleymouth','Serbia','1985-06-21 17:58:26','2014-08-16 11:49:46'),(87,'F','2009-07-17','New Alphonso','Djibouti','2019-02-07 05:31:23','2020-11-13 19:27:34'),(88,'F','2009-03-22','East Eva','Mauritius','1983-01-22 03:09:56','2020-11-13 19:27:34'),(89,'F','2008-09-08','South Imanihaven','Botswana','1983-01-14 07:24:00','2007-02-17 09:06:34'),(90,'M','2006-04-25','Littlemouth','Saint Kitts and Nevis','1985-09-10 09:27:47','2015-03-06 05:18:52'),(91,'F','2007-08-11','New Brayan','Isle of Man','2001-06-28 20:21:40','2009-08-19 15:07:59'),(92,'F','1997-12-01','Nicolasside','Gibraltar','2015-02-06 10:30:44','2020-11-13 19:27:34'),(93,'F','1987-05-19','North Laury','Slovakia (Slovak Republic)','2012-03-01 16:28:42','2020-11-13 19:27:34'),(94,'M','2011-12-25','Santiagochester','Netherlands','2019-03-12 16:50:41','2020-11-13 19:27:34'),(95,'M','1983-09-09','Jaskolskiville','Syrian Arab Republic','1986-03-20 06:12:57','1987-08-02 12:57:45'),(96,'M','1976-11-17','Schroederfurt','Micronesia','2013-07-12 20:42:38','2020-11-13 19:27:34'),(97,'M','1997-02-05','Port Oramouth','Senegal','1980-04-11 02:01:59','2019-11-20 20:06:01'),(98,'M','1986-07-05','Wisozkview','Mozambique','2018-04-13 11:34:32','2020-11-13 19:27:34'),(99,'M','1984-07-14','Dannymouth','Jamaica','1997-02-05 19:57:44','2011-07-08 10:25:06'),(100,'M','1978-06-18','Jacobsshire','Zimbabwe','2015-06-28 22:05:57','2020-11-13 19:27:34');
/*!40000 ALTER TABLE `profiles` ENABLE KEYS */;
UNLOCK TABLES;

--
-- Table structure for table `target_types`
--

DROP TABLE IF EXISTS `target_types`;
/*!40101 SET @saved_cs_client     = @@character_set_client */;
/*!50503 SET character_set_client = utf8mb4 */;
CREATE TABLE `target_types` (
  `id` int unsigned NOT NULL AUTO_INCREMENT,
  `name` varchar(255) NOT NULL,
  `created_at` datetime DEFAULT CURRENT_TIMESTAMP,
  PRIMARY KEY (`id`),
  UNIQUE KEY `name` (`name`)
) ENGINE=InnoDB AUTO_INCREMENT=5 DEFAULT CHARSET=utf8mb4 COLLATE=utf8mb4_0900_ai_ci;
/*!40101 SET character_set_client = @saved_cs_client */;

--
-- Dumping data for table `target_types`
--

LOCK TABLES `target_types` WRITE;
/*!40000 ALTER TABLE `target_types` DISABLE KEYS */;
INSERT INTO `target_types` VALUES (1,'messages','2020-11-26 18:10:27'),(2,'users','2020-11-26 18:10:27'),(3,'media','2020-11-26 18:10:27'),(4,'posts','2020-11-26 18:10:27');
/*!40000 ALTER TABLE `target_types` ENABLE KEYS */;
UNLOCK TABLES;

--
-- Table structure for table `users`
--

DROP TABLE IF EXISTS `users`;
/*!40101 SET @saved_cs_client     = @@character_set_client */;
/*!50503 SET character_set_client = utf8mb4 */;
CREATE TABLE `users` (
  `id` int unsigned NOT NULL AUTO_INCREMENT COMMENT 'Идентификатор строки',
  `first_name` varchar(100) CHARACTER SET utf8 COLLATE utf8_unicode_ci NOT NULL COMMENT 'Имя пользователя',
  `last_name` varchar(100) CHARACTER SET utf8 COLLATE utf8_unicode_ci NOT NULL COMMENT 'Фамилия пользователя',
  `email` varchar(100) CHARACTER SET utf8 COLLATE utf8_unicode_ci NOT NULL COMMENT 'Почта',
  `phone` varchar(100) CHARACTER SET utf8 COLLATE utf8_unicode_ci NOT NULL COMMENT 'Телефон',
  `created_at` datetime DEFAULT CURRENT_TIMESTAMP COMMENT 'Время создания строки',
  `updated_at` datetime DEFAULT CURRENT_TIMESTAMP ON UPDATE CURRENT_TIMESTAMP COMMENT 'Время обновления строки',
  PRIMARY KEY (`id`),
  UNIQUE KEY `email` (`email`),
  UNIQUE KEY `phone` (`phone`)
) ENGINE=InnoDB AUTO_INCREMENT=101 DEFAULT CHARSET=utf8 COLLATE=utf8_unicode_ci COMMENT='Пользователи';
/*!40101 SET character_set_client = @saved_cs_client */;

--
-- Dumping data for table `users`
--

LOCK TABLES `users` WRITE;
/*!40000 ALTER TABLE `users` DISABLE KEYS */;
INSERT INTO `users` VALUES (1,'Trudie','Koch','wolf.salvatore@example.org','(484)415-2694','1988-08-27 12:23:51','1989-12-30 10:59:49'),(2,'Nedra','Watsica','elyssa93@example.org','(213)891-6789','1977-12-08 13:28:31','2020-07-21 04:51:57'),(3,'Douglas','Raynor','rrohan@example.net','444.529.4907x9943','2013-09-20 10:18:23','2020-11-13 19:27:00'),(4,'Amparo','Spinka','xhettinger@example.com','440-497-5684x1936','1992-02-02 21:51:06','1995-11-21 09:55:03'),(5,'Katlynn','Mills','laurianne.oberbrunner@example.org','(959)704-5891x6812','2018-09-23 14:17:32','2020-11-13 19:27:00'),(6,'Alfred','Wiegand','chelsey.lind@example.com','1-593-990-7093x40838','2016-11-10 13:56:51','2020-11-13 19:27:00'),(7,'Cole','Tromp','maxime28@example.net','(989)282-9253x912','1977-12-15 02:01:23','1997-04-27 08:48:37'),(8,'Rey','Larson','domenica.rau@example.org','+67(2)8970986551','2016-12-05 12:25:38','2020-11-13 19:27:00'),(9,'Blaze','Streich','ddouglas@example.net','1-267-116-1134','1996-12-09 08:04:45','1999-07-21 14:03:54'),(10,'Pearlie','Lakin','zemmerich@example.net','(632)742-1307','2020-08-07 04:41:56','2020-11-13 19:27:00'),(11,'Hester','Cormier','van.rohan@example.com','(599)450-8874x24542','1989-11-30 06:35:37','2020-11-13 19:27:00'),(12,'Antonietta','Treutel','perry73@example.net','942.461.2181','2014-05-23 19:48:39','2020-11-13 19:27:00'),(13,'Rickey','Weissnat','litzy91@example.org','1-741-412-6421','1999-10-09 07:32:53','2020-11-13 19:27:00'),(14,'Camryn','Feeney','amari.beer@example.org','295-305-9468x574','1978-11-03 01:46:07','2020-11-13 19:27:00'),(15,'Wilhelmine','Quigley','fidel80@example.net','(520)259-3301x8383','2004-02-22 11:34:51','2020-11-13 19:27:00'),(16,'Trevor','Schmidt','shaylee56@example.com','1-662-266-6777x2546','2013-07-27 00:06:41','2020-11-13 19:27:00'),(17,'Alda','Koepp','toy.jeromy@example.com','931.234.6608','2010-08-09 06:57:25','2020-11-13 19:27:00'),(18,'Kiarra','Emmerich','celine94@example.net','408.469.0377x86843','2005-08-09 11:51:57','2020-11-13 19:27:00'),(19,'Claudia','McCullough','coy.brekke@example.net','925-765-6009','1999-06-03 23:50:53','2020-11-13 19:27:00'),(20,'Jayce','Bernier','nleffler@example.net','(793)684-8270','2016-03-06 04:04:37','2020-11-13 19:27:00'),(21,'Emerald','Langworth','langosh.garry@example.org','(853)924-5424x945','1990-04-25 17:32:28','2020-11-13 19:27:00'),(22,'Abraham','Deckow','yratke@example.net','834.589.6035','1998-04-29 06:18:40','2016-04-01 13:08:46'),(23,'Piper','Daniel','marlon.satterfield@example.com','931.369.8265','1982-09-25 09:06:30','2015-02-27 01:19:12'),(24,'Melba','Altenwerth','damion93@example.org','624.419.7165','2014-12-24 22:16:42','2020-11-13 19:27:00'),(25,'Immanuel','Hegmann','jed36@example.com','158-469-3117x314','2008-02-02 05:27:58','2020-11-13 19:27:00'),(26,'Sibyl','Cormier','bprice@example.com','688-250-4719x021','1970-03-03 09:38:30','2010-06-12 13:37:58'),(27,'River','Walter','obie.emard@example.com','729-748-8847x631','2015-10-08 01:00:01','2020-11-13 19:27:00'),(28,'Fritz','Brakus','fsanford@example.net','(346)482-1193','2002-09-16 21:33:08','2020-11-13 19:27:00'),(29,'Jayne','McDermott','jeramie55@example.net','576-055-1754','2006-06-10 06:15:13','2020-11-13 19:27:00'),(30,'Ashton','Wunsch','koelpin.alysha@example.org','(006)022-4238x39833','1983-03-10 01:41:08','1986-11-30 21:38:52'),(31,'Althea','Koepp','eleazar.mitchell@example.com','(391)827-3672','1994-06-21 00:10:41','2020-11-13 19:27:00'),(32,'Abigail','Schinner','rkihn@example.org','291-164-6278x17386','1991-03-30 00:45:04','2020-11-13 19:27:00'),(33,'Rene','Heathcote','arnaldo.vonrueden@example.com','(831)995-6262x395','1975-01-12 21:10:01','1978-11-14 03:06:27'),(34,'Zion','Gulgowski','lizzie.wilderman@example.org','703-442-7856x381','2014-08-17 07:35:22','2020-11-13 19:27:00'),(35,'Edythe','Koelpin','ybotsford@example.net','449-327-6563x16250','1990-03-21 23:25:33','2020-11-13 19:27:00'),(36,'Roel','Rosenbaum','hdubuque@example.org','07359795809','1977-07-28 21:13:42','1987-11-30 21:03:51'),(37,'Everardo','Parisian','liliane.mcclure@example.net','(820)441-1225','1992-12-14 02:03:48','2013-07-03 22:15:02'),(38,'Pearl','Hilpert','justen35@example.org','357-970-1815x210','1981-12-20 16:22:37','2014-12-19 15:33:03'),(39,'Darron','Bernhard','weimann.callie@example.com','899.366.1364x83068','1971-04-10 09:50:37','2018-09-28 00:09:42'),(40,'Nelle','Mills','lester34@example.net','384-988-9086x371','2013-07-07 00:24:32','2020-11-13 19:27:00'),(41,'Ephraim','Gerlach','marianna.ondricka@example.org','1-186-085-1806x30080','2004-05-01 19:54:08','2019-06-13 06:40:59'),(42,'Austin','Shanahan','scruickshank@example.net','+02(6)8662900571','1977-07-18 16:18:09','2013-04-19 20:41:56'),(43,'Darrin','Kerluke','kuphal.joy@example.net','1-813-063-6410','2003-01-28 06:18:33','2020-11-13 19:27:00'),(44,'Brenna','Yundt','kenya58@example.net','+38(6)5629491752','1975-05-06 05:15:15','1981-01-21 14:24:12'),(45,'Emerald','Hyatt','colin.wisoky@example.net','(038)880-6783','1998-01-25 08:46:46','2020-11-13 19:27:00'),(46,'Dayana','Gislason','raul99@example.org','1-335-639-6119x99971','2017-03-17 20:41:46','2020-11-13 19:27:00'),(47,'Hazel','Smith','vwilderman@example.org','(931)612-0706','1989-09-30 01:15:40','1995-04-19 05:14:58'),(48,'Lucas','Collins','laurie93@example.com','1-304-783-4376','1975-12-08 10:58:13','2001-06-15 03:08:46'),(49,'Kobe','Ondricka','zelma83@example.com','(346)264-1096x0599','1981-03-02 10:58:27','2020-06-02 09:08:11'),(50,'Tom','Gerlach','hyman59@example.org','743.846.5243x73614','2003-05-21 21:04:17','2020-11-13 19:27:00'),(51,'Marietta','Batz','ebba27@example.org','07209464711','1971-10-23 20:27:37','1993-09-06 01:39:16'),(52,'Ned','Luettgen','gerhold.zechariah@example.com','(193)366-7007x39277','2012-04-06 09:39:50','2020-11-13 19:27:00'),(53,'Jordi','Kunze','mauricio59@example.com','(334)572-9002x400','1991-09-04 05:24:17','2020-11-13 19:27:00'),(54,'Isaias','Schuster','uschiller@example.org','422-900-7071x92135','1989-10-14 10:13:34','2010-04-17 03:14:07'),(55,'Tremayne','Farrell','gertrude.dietrich@example.com','535.302.2254x0242','1970-05-20 09:09:28','2010-12-24 20:33:50'),(56,'Quincy','Rau','zwalter@example.org','537.269.9441','1991-03-29 14:35:57','2020-11-13 19:27:00'),(57,'Charlotte','Pouros','raina.price@example.org','03755342095','2016-12-29 07:57:33','2020-11-13 19:27:00'),(58,'Talon','Funk','boyer.rowena@example.net','+83(5)9499186277','2017-04-06 10:06:07','2020-11-13 19:27:00'),(59,'Stephon','Turner','d\'amore.malika@example.org','782.441.9350','2003-12-27 22:19:49','2020-11-13 19:27:00'),(60,'Anastacio','Botsford','armstrong.elna@example.org','(170)852-5031','1986-05-19 08:36:52','2005-03-14 05:04:13'),(61,'Efrain','Torphy','hintz.elva@example.org','616.545.1647x1565','2008-01-26 00:41:47','2019-11-15 02:51:08'),(62,'Karl','Kiehn','wgleichner@example.org','(528)836-4693','2018-11-22 14:26:31','2020-11-13 19:27:00'),(63,'Daphne','Bashirian','christine58@example.net','894-839-6276x746','1988-12-09 04:57:39','2020-11-13 19:27:00'),(64,'Kamryn','Schoen','iskiles@example.net','613.322.5591x74917','1989-01-10 14:31:16','2020-11-13 19:27:00'),(65,'Jed','Towne','selmer34@example.org','1-982-482-9474x376','1982-11-25 15:52:17','1995-12-17 02:56:11'),(66,'Jett','Rutherford','lawrence.herzog@example.com','070.653.0815x2323','2012-09-30 09:57:51','2020-11-13 19:27:00'),(67,'Shany','Cruickshank','lewis.brown@example.com','(803)599-6964x66323','2000-11-04 08:25:21','2012-01-20 01:40:57'),(68,'Elinor','Zboncak','kellen27@example.com','122.223.0627x1750','1982-04-24 12:45:42','2020-11-13 19:27:00'),(69,'Estrella','Marks','mccullough.kitty@example.net','427.615.0470x71567','1971-09-19 03:23:13','1978-08-04 08:12:59'),(70,'Tiara','Flatley','murray.yundt@example.org','681-864-3839','1998-11-20 23:25:15','2020-11-13 19:27:00'),(71,'Wilbert','Nitzsche','elody.bashirian@example.com','(556)203-7742x686','2005-01-07 04:19:02','2009-01-09 09:03:50'),(72,'Idell','Champlin','ygreen@example.com','1-336-224-6123','2001-10-26 07:09:00','2020-11-13 19:27:00'),(73,'Jaeden','Bergstrom','lind.ava@example.com','087-641-2786','2000-01-20 06:50:59','2020-11-13 19:27:00'),(74,'Joanny','Kutch','ustiedemann@example.com','766.134.0646x19570','2006-08-16 22:06:53','2020-11-13 19:27:00'),(75,'Eve','Ruecker','vcassin@example.org','210-790-5783x406','1981-08-22 11:49:12','1992-09-23 23:16:03'),(76,'Adrienne','Gibson','camden.pagac@example.com','1-449-767-9629x189','1976-03-14 04:33:10','2020-11-13 19:27:00'),(77,'Emily','Zieme','edyth30@example.net','(308)045-6966x729','1989-06-13 17:42:10','2020-11-13 19:27:00'),(78,'Emilie','Feeney','wolf.keenan@example.org','054-135-8632','1994-03-29 22:41:47','2019-01-10 12:57:07'),(79,'Maeve','Price','avis69@example.org','907-804-6092x86841','2020-07-27 23:21:06','2020-11-13 19:27:00'),(80,'Ally','VonRueden','dino50@example.org','06157920427','2019-07-25 06:24:58','2020-11-13 19:27:00'),(81,'Stella','Wintheiser','mraz.antonio@example.org','005-827-3239','1982-05-01 06:09:09','2020-11-13 19:27:00'),(82,'Emmy','Rice','greta.kuvalis@example.com','(668)823-2178x19695','2014-04-15 15:35:03','2020-11-13 19:27:00'),(83,'Rosetta','Purdy','kris.dach@example.org','877-471-3047x2415','2014-12-02 16:09:04','2020-11-13 19:27:00'),(84,'Craig','Trantow','pnader@example.com','137.208.8662','2010-08-25 22:12:14','2020-11-13 19:27:00'),(85,'Alicia','Runolfsson','riley.greenholt@example.org','819.722.4272x42562','1990-04-03 23:49:18','2020-11-13 19:27:00'),(86,'Edwin','Connelly','uyundt@example.net','1-254-755-2291x1088','1997-11-08 08:43:21','2020-11-13 19:27:00'),(87,'Monte','Orn','athena09@example.org','04150121813','1987-05-16 15:33:08','2014-09-18 03:00:25'),(88,'Miles','Barrows','gisselle.jenkins@example.net','+89(5)1472939138','1994-04-19 17:00:55','2020-11-13 19:27:00'),(89,'Eric','Wolf','myah37@example.org','07504585985','2011-08-24 06:33:29','2015-02-26 12:59:37'),(90,'Gillian','Schroeder','jenkins.beulah@example.org','1-846-856-1231','1998-08-14 16:25:50','2020-11-13 19:27:00'),(91,'Keely','Simonis','zhettinger@example.org','707.713.7361x03965','2004-02-06 20:01:39','2020-11-13 19:27:00'),(92,'Laurine','Lebsack','chad79@example.com','924.682.1811x80866','1974-10-16 05:56:28','2018-10-26 02:14:09'),(93,'Linnie','Daniel','teffertz@example.net','(866)709-6321','1985-09-09 02:46:42','1997-05-21 18:24:31'),(94,'Wellington','Lesch','jacobi.amara@example.org','1-880-451-9978','1982-11-05 20:30:36','2007-09-25 14:50:43'),(95,'Elwyn','Schaden','celestino.crooks@example.net','+57(6)8569047087','1970-12-28 17:33:32','2009-02-14 02:24:10'),(96,'Barrett','Fay','tracey82@example.org','1-271-308-0596','1977-11-01 12:33:01','1997-05-17 12:53:16'),(97,'Carlo','O\'Keefe','hansen.arne@example.org','061-318-3098x28282','1986-10-29 23:40:19','2015-07-09 23:25:02'),(98,'Jaycee','Harris','pschmitt@example.net','(734)965-8108x75694','1980-09-11 11:39:01','1996-04-20 05:05:36'),(99,'Mathew','Renner','barton.aliyah@example.net','01491670045','1980-04-06 10:49:56','2000-10-11 11:41:51'),(100,'Rebeca','Hilll','tremblay.preston@example.net','1-607-907-5743','1995-11-02 20:24:28','2020-11-13 19:27:00');
/*!40000 ALTER TABLE `users` ENABLE KEYS */;
UNLOCK TABLES;

--
-- Dumping routines for database 'vk'
--
/*!40103 SET TIME_ZONE=@OLD_TIME_ZONE */;

/*!40101 SET SQL_MODE=@OLD_SQL_MODE */;
/*!40014 SET FOREIGN_KEY_CHECKS=@OLD_FOREIGN_KEY_CHECKS */;
/*!40014 SET UNIQUE_CHECKS=@OLD_UNIQUE_CHECKS */;
/*!40101 SET CHARACTER_SET_CLIENT=@OLD_CHARACTER_SET_CLIENT */;
/*!40101 SET CHARACTER_SET_RESULTS=@OLD_CHARACTER_SET_RESULTS */;
/*!40101 SET COLLATION_CONNECTION=@OLD_COLLATION_CONNECTION */;
/*!40111 SET SQL_NOTES=@OLD_SQL_NOTES */;

-- Dump completed on 2020-11-26 20:24:17
